"project","article","access","agent","granularity","date","en_views","id_views"
"wikipedia","Joko_Widodo","all-access","all-agents","daily",2015-07-01,939,711
"wikipedia","Joko_Widodo","all-access","all-agents","daily",2015-07-02,974,640
"wikipedia","Joko_Widodo","all-access","all-agents","daily",2015-07-03,616,604
"wikipedia","Joko_Widodo","all-access","all-agents","daily",2015-07-04,569,576
"wikipedia","Joko_Widodo","all-access","all-agents","daily",2015-07-05,651,581
"wikipedia","Joko_Widodo","all-access","all-agents","daily",2015-07-06,899,652
"wikipedia","Joko_Widodo","all-access","all-agents","daily",2015-07-07,793,620
"wikipedia","Joko_Widodo","all-access","all-agents","daily",2015-07-08,786,688
"wikipedia","Joko_Widodo","all-access","all-agents","daily",2015-07-09,745,741
"wikipedia","Joko_Widodo","all-access","all-agents","daily",2015-07-10,745,611
"wikipedia","Joko_Widodo","all-access","all-agents","daily",2015-07-11,639,552
"wikipedia","Joko_Widodo","all-access","all-agents","daily",2015-07-12,655,550
"wikipedia","Joko_Widodo","all-access","all-agents","daily",2015-07-13,701,573
"wikipedia","Joko_Widodo","all-access","all-agents","daily",2015-07-14,712,693
"wikipedia","Joko_Widodo","all-access","all-agents","daily",2015-07-15,805,592
"wikipedia","Joko_Widodo","all-access","all-agents","daily",2015-07-16,980,515
"wikipedia","Joko_Widodo","all-access","all-agents","daily",2015-07-17,731,471
"wikipedia","Joko_Widodo","all-access","all-agents","daily",2015-07-18,511,488
"wikipedia","Joko_Widodo","all-access","all-agents","daily",2015-07-19,615,577
"wikipedia","Joko_Widodo","all-access","all-agents","daily",2015-07-20,699,501
"wikipedia","Joko_Widodo","all-access","all-agents","daily",2015-07-21,638,543
"wikipedia","Joko_Widodo","all-access","all-agents","daily",2015-07-22,704,622
"wikipedia","Joko_Widodo","all-access","all-agents","daily",2015-07-23,1163,651
"wikipedia","Joko_Widodo","all-access","all-agents","daily",2015-07-24,1034,588
"wikipedia","Joko_Widodo","all-access","all-agents","daily",2015-07-25,754,619
"wikipedia","Joko_Widodo","all-access","all-agents","daily",2015-07-26,658,635
"wikipedia","Joko_Widodo","all-access","all-agents","daily",2015-07-27,973,638
"wikipedia","Joko_Widodo","all-access","all-agents","daily",2015-07-28,1072,639
"wikipedia","Joko_Widodo","all-access","all-agents","daily",2015-07-29,813,705
"wikipedia","Joko_Widodo","all-access","all-agents","daily",2015-07-30,821,596
"wikipedia","Joko_Widodo","all-access","all-agents","daily",2015-07-31,874,660
"wikipedia","Joko_Widodo","all-access","all-agents","daily",2015-08-01,664,592
"wikipedia","Joko_Widodo","all-access","all-agents","daily",2015-08-02,701,678
"wikipedia","Joko_Widodo","all-access","all-agents","daily",2015-08-03,729,663
"wikipedia","Joko_Widodo","all-access","all-agents","daily",2015-08-04,790,673
"wikipedia","Joko_Widodo","all-access","all-agents","daily",2015-08-05,837,719
"wikipedia","Joko_Widodo","all-access","all-agents","daily",2015-08-06,751,650
"wikipedia","Joko_Widodo","all-access","all-agents","daily",2015-08-07,629,761
"wikipedia","Joko_Widodo","all-access","all-agents","daily",2015-08-08,705,758
"wikipedia","Joko_Widodo","all-access","all-agents","daily",2015-08-09,630,771
"wikipedia","Joko_Widodo","all-access","all-agents","daily",2015-08-10,750,877
"wikipedia","Joko_Widodo","all-access","all-agents","daily",2015-08-11,777,888
"wikipedia","Joko_Widodo","all-access","all-agents","daily",2015-08-12,1229,1478
"wikipedia","Joko_Widodo","all-access","all-agents","daily",2015-08-13,1160,1303
"wikipedia","Joko_Widodo","all-access","all-agents","daily",2015-08-14,787,1135
"wikipedia","Joko_Widodo","all-access","all-agents","daily",2015-08-15,630,914
"wikipedia","Joko_Widodo","all-access","all-agents","daily",2015-08-16,931,1071
"wikipedia","Joko_Widodo","all-access","all-agents","daily",2015-08-17,1927,1832
"wikipedia","Joko_Widodo","all-access","all-agents","daily",2015-08-18,1030,1104
"wikipedia","Joko_Widodo","all-access","all-agents","daily",2015-08-19,985,1172
"wikipedia","Joko_Widodo","all-access","all-agents","daily",2015-08-20,770,913
"wikipedia","Joko_Widodo","all-access","all-agents","daily",2015-08-21,756,866
"wikipedia","Joko_Widodo","all-access","all-agents","daily",2015-08-22,607,914
"wikipedia","Joko_Widodo","all-access","all-agents","daily",2015-08-23,777,1006
"wikipedia","Joko_Widodo","all-access","all-agents","daily",2015-08-24,880,992
"wikipedia","Joko_Widodo","all-access","all-agents","daily",2015-08-25,886,1028
"wikipedia","Joko_Widodo","all-access","all-agents","daily",2015-08-26,943,1023
"wikipedia","Joko_Widodo","all-access","all-agents","daily",2015-08-27,742,811
"wikipedia","Joko_Widodo","all-access","all-agents","daily",2015-08-28,646,721
"wikipedia","Joko_Widodo","all-access","all-agents","daily",2015-08-29,626,737
"wikipedia","Joko_Widodo","all-access","all-agents","daily",2015-08-30,723,863
"wikipedia","Joko_Widodo","all-access","all-agents","daily",2015-08-31,728,834
"wikipedia","Joko_Widodo","all-access","all-agents","daily",2015-09-01,777,865
"wikipedia","Joko_Widodo","all-access","all-agents","daily",2015-09-02,858,892
"wikipedia","Joko_Widodo","all-access","all-agents","daily",2015-09-03,833,930
"wikipedia","Joko_Widodo","all-access","all-agents","daily",2015-09-04,750,769
"wikipedia","Joko_Widodo","all-access","all-agents","daily",2015-09-05,682,717
"wikipedia","Joko_Widodo","all-access","all-agents","daily",2015-09-06,737,852
"wikipedia","Joko_Widodo","all-access","all-agents","daily",2015-09-07,846,892
"wikipedia","Joko_Widodo","all-access","all-agents","daily",2015-09-08,996,926
"wikipedia","Joko_Widodo","all-access","all-agents","daily",2015-09-09,988,946
"wikipedia","Joko_Widodo","all-access","all-agents","daily",2015-09-10,1021,963
"wikipedia","Joko_Widodo","all-access","all-agents","daily",2015-09-11,856,809
"wikipedia","Joko_Widodo","all-access","all-agents","daily",2015-09-12,929,769
"wikipedia","Joko_Widodo","all-access","all-agents","daily",2015-09-13,1032,953
"wikipedia","Joko_Widodo","all-access","all-agents","daily",2015-09-14,1008,966
"wikipedia","Joko_Widodo","all-access","all-agents","daily",2015-09-15,1090,1072
"wikipedia","Joko_Widodo","all-access","all-agents","daily",2015-09-16,902,1012
"wikipedia","Joko_Widodo","all-access","all-agents","daily",2015-09-17,857,1259
"wikipedia","Joko_Widodo","all-access","all-agents","daily",2015-09-18,715,819
"wikipedia","Joko_Widodo","all-access","all-agents","daily",2015-09-19,622,912
"wikipedia","Joko_Widodo","all-access","all-agents","daily",2015-09-20,744,921
"wikipedia","Joko_Widodo","all-access","all-agents","daily",2015-09-21,829,956
"wikipedia","Joko_Widodo","all-access","all-agents","daily",2015-09-22,974,823
"wikipedia","Joko_Widodo","all-access","all-agents","daily",2015-09-23,712,794
"wikipedia","Joko_Widodo","all-access","all-agents","daily",2015-09-24,868,887
"wikipedia","Joko_Widodo","all-access","all-agents","daily",2015-09-25,1033,818
"wikipedia","Joko_Widodo","all-access","all-agents","daily",2015-09-26,809,783
"wikipedia","Joko_Widodo","all-access","all-agents","daily",2015-09-27,785,928
"wikipedia","Joko_Widodo","all-access","all-agents","daily",2015-09-28,1034,862
"wikipedia","Joko_Widodo","all-access","all-agents","daily",2015-09-29,955,875
"wikipedia","Joko_Widodo","all-access","all-agents","daily",2015-09-30,1669,998
"wikipedia","Joko_Widodo","all-access","all-agents","daily",2015-10-01,1063,921
"wikipedia","Joko_Widodo","all-access","all-agents","daily",2015-10-02,856,848
"wikipedia","Joko_Widodo","all-access","all-agents","daily",2015-10-03,764,823
"wikipedia","Joko_Widodo","all-access","all-agents","daily",2015-10-04,903,922
"wikipedia","Joko_Widodo","all-access","all-agents","daily",2015-10-05,800,915
"wikipedia","Joko_Widodo","all-access","all-agents","daily",2015-10-06,865,885
"wikipedia","Joko_Widodo","all-access","all-agents","daily",2015-10-07,775,1045
"wikipedia","Joko_Widodo","all-access","all-agents","daily",2015-10-08,1187,929
"wikipedia","Joko_Widodo","all-access","all-agents","daily",2015-10-09,1058,837
"wikipedia","Joko_Widodo","all-access","all-agents","daily",2015-10-10,845,794
"wikipedia","Joko_Widodo","all-access","all-agents","daily",2015-10-11,776,917
"wikipedia","Joko_Widodo","all-access","all-agents","daily",2015-10-12,962,906
"wikipedia","Joko_Widodo","all-access","all-agents","daily",2015-10-13,944,765
"wikipedia","Joko_Widodo","all-access","all-agents","daily",2015-10-14,1180,882
"wikipedia","Joko_Widodo","all-access","all-agents","daily",2015-10-15,1259,911
"wikipedia","Joko_Widodo","all-access","all-agents","daily",2015-10-16,1183,859
"wikipedia","Joko_Widodo","all-access","all-agents","daily",2015-10-17,799,843
"wikipedia","Joko_Widodo","all-access","all-agents","daily",2015-10-18,955,1025
"wikipedia","Joko_Widodo","all-access","all-agents","daily",2015-10-19,1305,1202
"wikipedia","Joko_Widodo","all-access","all-agents","daily",2015-10-20,1555,4374
"wikipedia","Joko_Widodo","all-access","all-agents","daily",2015-10-21,1258,1226
"wikipedia","Joko_Widodo","all-access","all-agents","daily",2015-10-22,1160,1006
"wikipedia","Joko_Widodo","all-access","all-agents","daily",2015-10-23,1098,1010
"wikipedia","Joko_Widodo","all-access","all-agents","daily",2015-10-24,1065,1246
"wikipedia","Joko_Widodo","all-access","all-agents","daily",2015-10-25,1005,974
"wikipedia","Joko_Widodo","all-access","all-agents","daily",2015-10-26,1376,1018
"wikipedia","Joko_Widodo","all-access","all-agents","daily",2015-10-27,2172,1105
"wikipedia","Joko_Widodo","all-access","all-agents","daily",2015-10-28,1505,1051
"wikipedia","Joko_Widodo","all-access","all-agents","daily",2015-10-29,1105,1002
"wikipedia","Joko_Widodo","all-access","all-agents","daily",2015-10-30,909,1009
"wikipedia","Joko_Widodo","all-access","all-agents","daily",2015-10-31,823,867
"wikipedia","Joko_Widodo","all-access","all-agents","daily",2015-11-01,799,995
"wikipedia","Joko_Widodo","all-access","all-agents","daily",2015-11-02,1027,1051
"wikipedia","Joko_Widodo","all-access","all-agents","daily",2015-11-03,998,1087
"wikipedia","Joko_Widodo","all-access","all-agents","daily",2015-11-04,924,987
"wikipedia","Joko_Widodo","all-access","all-agents","daily",2015-11-05,958,997
"wikipedia","Joko_Widodo","all-access","all-agents","daily",2015-11-06,844,946
"wikipedia","Joko_Widodo","all-access","all-agents","daily",2015-11-07,715,790
"wikipedia","Joko_Widodo","all-access","all-agents","daily",2015-11-08,929,945
"wikipedia","Joko_Widodo","all-access","all-agents","daily",2015-11-09,1027,979
"wikipedia","Joko_Widodo","all-access","all-agents","daily",2015-11-10,1146,1024
"wikipedia","Joko_Widodo","all-access","all-agents","daily",2015-11-11,1247,979
"wikipedia","Joko_Widodo","all-access","all-agents","daily",2015-11-12,1623,1037
"wikipedia","Joko_Widodo","all-access","all-agents","daily",2015-11-13,1345,969
"wikipedia","Joko_Widodo","all-access","all-agents","daily",2015-11-14,1513,827
"wikipedia","Joko_Widodo","all-access","all-agents","daily",2015-11-15,2071,1007
"wikipedia","Joko_Widodo","all-access","all-agents","daily",2015-11-16,2262,1021
"wikipedia","Joko_Widodo","all-access","all-agents","daily",2015-11-17,2161,1030
"wikipedia","Joko_Widodo","all-access","all-agents","daily",2015-11-18,2053,1105
"wikipedia","Joko_Widodo","all-access","all-agents","daily",2015-11-19,1819,1095
"wikipedia","Joko_Widodo","all-access","all-agents","daily",2015-11-20,1660,965
"wikipedia","Joko_Widodo","all-access","all-agents","daily",2015-11-21,1691,884
"wikipedia","Joko_Widodo","all-access","all-agents","daily",2015-11-22,1995,1022
"wikipedia","Joko_Widodo","all-access","all-agents","daily",2015-11-23,2098,969
"wikipedia","Joko_Widodo","all-access","all-agents","daily",2015-11-24,1606,1017
"wikipedia","Joko_Widodo","all-access","all-agents","daily",2015-11-25,1351,1021
"wikipedia","Joko_Widodo","all-access","all-agents","daily",2015-11-26,1286,1100
"wikipedia","Joko_Widodo","all-access","all-agents","daily",2015-11-27,1148,883
"wikipedia","Joko_Widodo","all-access","all-agents","daily",2015-11-28,1040,833
"wikipedia","Joko_Widodo","all-access","all-agents","daily",2015-11-29,1053,963
"wikipedia","Joko_Widodo","all-access","all-agents","daily",2015-11-30,1266,872
"wikipedia","Joko_Widodo","all-access","all-agents","daily",2015-12-01,1220,974
"wikipedia","Joko_Widodo","all-access","all-agents","daily",2015-12-02,1010,966
"wikipedia","Joko_Widodo","all-access","all-agents","daily",2015-12-03,1021,1041
"wikipedia","Joko_Widodo","all-access","all-agents","daily",2015-12-04,1065,957
"wikipedia","Joko_Widodo","all-access","all-agents","daily",2015-12-05,904,914
"wikipedia","Joko_Widodo","all-access","all-agents","daily",2015-12-06,903,939
"wikipedia","Joko_Widodo","all-access","all-agents","daily",2015-12-07,992,1043
"wikipedia","Joko_Widodo","all-access","all-agents","daily",2015-12-08,1105,1109
"wikipedia","Joko_Widodo","all-access","all-agents","daily",2015-12-09,1144,1422
"wikipedia","Joko_Widodo","all-access","all-agents","daily",2015-12-10,1043,1023
"wikipedia","Joko_Widodo","all-access","all-agents","daily",2015-12-11,871,901
"wikipedia","Joko_Widodo","all-access","all-agents","daily",2015-12-12,846,794
"wikipedia","Joko_Widodo","all-access","all-agents","daily",2015-12-13,814,849
"wikipedia","Joko_Widodo","all-access","all-agents","daily",2015-12-14,836,890
"wikipedia","Joko_Widodo","all-access","all-agents","daily",2015-12-15,766,911
"wikipedia","Joko_Widodo","all-access","all-agents","daily",2015-12-16,827,1030
"wikipedia","Joko_Widodo","all-access","all-agents","daily",2015-12-17,724,905
"wikipedia","Joko_Widodo","all-access","all-agents","daily",2015-12-18,729,792
"wikipedia","Joko_Widodo","all-access","all-agents","daily",2015-12-19,1183,735
"wikipedia","Joko_Widodo","all-access","all-agents","daily",2015-12-20,711,704
"wikipedia","Joko_Widodo","all-access","all-agents","daily",2015-12-21,778,801
"wikipedia","Joko_Widodo","all-access","all-agents","daily",2015-12-22,730,836
"wikipedia","Joko_Widodo","all-access","all-agents","daily",2015-12-23,800,776
"wikipedia","Joko_Widodo","all-access","all-agents","daily",2015-12-24,639,838
"wikipedia","Joko_Widodo","all-access","all-agents","daily",2015-12-25,539,744
"wikipedia","Joko_Widodo","all-access","all-agents","daily",2015-12-26,686,856
"wikipedia","Joko_Widodo","all-access","all-agents","daily",2015-12-27,684,794
"wikipedia","Joko_Widodo","all-access","all-agents","daily",2015-12-28,757,747
"wikipedia","Joko_Widodo","all-access","all-agents","daily",2015-12-29,869,877
"wikipedia","Joko_Widodo","all-access","all-agents","daily",2015-12-30,896,880
"wikipedia","Joko_Widodo","all-access","all-agents","daily",2015-12-31,812,696
"wikipedia","Joko_Widodo","all-access","all-agents","daily",2016-01-01,728,960
"wikipedia","Joko_Widodo","all-access","all-agents","daily",2016-01-02,825,924
"wikipedia","Joko_Widodo","all-access","all-agents","daily",2016-01-03,892,886
"wikipedia","Joko_Widodo","all-access","all-agents","daily",2016-01-04,927,1063
"wikipedia","Joko_Widodo","all-access","all-agents","daily",2016-01-05,853,970
"wikipedia","Joko_Widodo","all-access","all-agents","daily",2016-01-06,919,995
"wikipedia","Joko_Widodo","all-access","all-agents","daily",2016-01-07,695,1030
"wikipedia","Joko_Widodo","all-access","all-agents","daily",2016-01-08,759,1068
"wikipedia","Joko_Widodo","all-access","all-agents","daily",2016-01-09,630,915
"wikipedia","Joko_Widodo","all-access","all-agents","daily",2016-01-10,815,1200
"wikipedia","Joko_Widodo","all-access","all-agents","daily",2016-01-11,821,1294
"wikipedia","Joko_Widodo","all-access","all-agents","daily",2016-01-12,1075,1229
"wikipedia","Joko_Widodo","all-access","all-agents","daily",2016-01-13,962,1246
"wikipedia","Joko_Widodo","all-access","all-agents","daily",2016-01-14,4862,1144
"wikipedia","Joko_Widodo","all-access","all-agents","daily",2016-01-15,2309,1061
"wikipedia","Joko_Widodo","all-access","all-agents","daily",2016-01-16,1360,932
"wikipedia","Joko_Widodo","all-access","all-agents","daily",2016-01-17,901,958
"wikipedia","Joko_Widodo","all-access","all-agents","daily",2016-01-18,935,1145
"wikipedia","Joko_Widodo","all-access","all-agents","daily",2016-01-19,949,1050
"wikipedia","Joko_Widodo","all-access","all-agents","daily",2016-01-20,1011,1230
"wikipedia","Joko_Widodo","all-access","all-agents","daily",2016-01-21,877,1155
"wikipedia","Joko_Widodo","all-access","all-agents","daily",2016-01-22,1095,1239
"wikipedia","Joko_Widodo","all-access","all-agents","daily",2016-01-23,1177,1133
"wikipedia","Joko_Widodo","all-access","all-agents","daily",2016-01-24,1300,1502
"wikipedia","Joko_Widodo","all-access","all-agents","daily",2016-01-25,892,1273
"wikipedia","Joko_Widodo","all-access","all-agents","daily",2016-01-26,1016,1238
"wikipedia","Joko_Widodo","all-access","all-agents","daily",2016-01-27,925,1218
"wikipedia","Joko_Widodo","all-access","all-agents","daily",2016-01-28,815,1121
"wikipedia","Joko_Widodo","all-access","all-agents","daily",2016-01-29,728,1019
"wikipedia","Joko_Widodo","all-access","all-agents","daily",2016-01-30,669,876
"wikipedia","Joko_Widodo","all-access","all-agents","daily",2016-01-31,699,1101
"wikipedia","Joko_Widodo","all-access","all-agents","daily",2016-02-01,733,1006
"wikipedia","Joko_Widodo","all-access","all-agents","daily",2016-02-02,993,1044
"wikipedia","Joko_Widodo","all-access","all-agents","daily",2016-02-03,841,1143
"wikipedia","Joko_Widodo","all-access","all-agents","daily",2016-02-04,881,1049
"wikipedia","Joko_Widodo","all-access","all-agents","daily",2016-02-05,714,904
"wikipedia","Joko_Widodo","all-access","all-agents","daily",2016-02-06,665,801
"wikipedia","Joko_Widodo","all-access","all-agents","daily",2016-02-07,737,815
"wikipedia","Joko_Widodo","all-access","all-agents","daily",2016-02-08,909,1007
"wikipedia","Joko_Widodo","all-access","all-agents","daily",2016-02-09,943,1081
"wikipedia","Joko_Widodo","all-access","all-agents","daily",2016-02-10,1017,1129
"wikipedia","Joko_Widodo","all-access","all-agents","daily",2016-02-11,897,3248
"wikipedia","Joko_Widodo","all-access","all-agents","daily",2016-02-12,898,3484
"wikipedia","Joko_Widodo","all-access","all-agents","daily",2016-02-13,749,2917
"wikipedia","Joko_Widodo","all-access","all-agents","daily",2016-02-14,850,1110
"wikipedia","Joko_Widodo","all-access","all-agents","daily",2016-02-15,966,2809
"wikipedia","Joko_Widodo","all-access","all-agents","daily",2016-02-16,937,4027
"wikipedia","Joko_Widodo","all-access","all-agents","daily",2016-02-17,1135,3202
"wikipedia","Joko_Widodo","all-access","all-agents","daily",2016-02-18,1837,1108
"wikipedia","Joko_Widodo","all-access","all-agents","daily",2016-02-19,1113,918
"wikipedia","Joko_Widodo","all-access","all-agents","daily",2016-02-20,768,819
"wikipedia","Joko_Widodo","all-access","all-agents","daily",2016-02-21,957,973
"wikipedia","Joko_Widodo","all-access","all-agents","daily",2016-02-22,1070,1034
"wikipedia","Joko_Widodo","all-access","all-agents","daily",2016-02-23,905,1074
"wikipedia","Joko_Widodo","all-access","all-agents","daily",2016-02-24,1102,1584
"wikipedia","Joko_Widodo","all-access","all-agents","daily",2016-02-25,1041,1447
"wikipedia","Joko_Widodo","all-access","all-agents","daily",2016-02-26,881,1134
"wikipedia","Joko_Widodo","all-access","all-agents","daily",2016-02-27,810,1065
"wikipedia","Joko_Widodo","all-access","all-agents","daily",2016-02-28,1025,1497
"wikipedia","Joko_Widodo","all-access","all-agents","daily",2016-02-29,929,1401
"wikipedia","Joko_Widodo","all-access","all-agents","daily",2016-03-01,926,1211
"wikipedia","Joko_Widodo","all-access","all-agents","daily",2016-03-02,1037,1284
"wikipedia","Joko_Widodo","all-access","all-agents","daily",2016-03-03,857,1140
"wikipedia","Joko_Widodo","all-access","all-agents","daily",2016-03-04,772,1029
"wikipedia","Joko_Widodo","all-access","all-agents","daily",2016-03-05,635,920
"wikipedia","Joko_Widodo","all-access","all-agents","daily",2016-03-06,720,1064
"wikipedia","Joko_Widodo","all-access","all-agents","daily",2016-03-07,1299,1079
"wikipedia","Joko_Widodo","all-access","all-agents","daily",2016-03-08,953,874
"wikipedia","Joko_Widodo","all-access","all-agents","daily",2016-03-09,892,1018
"wikipedia","Joko_Widodo","all-access","all-agents","daily",2016-03-10,1344,1765
"wikipedia","Joko_Widodo","all-access","all-agents","daily",2016-03-11,1115,1767
"wikipedia","Joko_Widodo","all-access","all-agents","daily",2016-03-12,931,1420
"wikipedia","Joko_Widodo","all-access","all-agents","daily",2016-03-13,862,1204
"wikipedia","Joko_Widodo","all-access","all-agents","daily",2016-03-14,1157,1153
"wikipedia","Joko_Widodo","all-access","all-agents","daily",2016-03-15,1410,1196
"wikipedia","Joko_Widodo","all-access","all-agents","daily",2016-03-16,1231,1138
"wikipedia","Joko_Widodo","all-access","all-agents","daily",2016-03-17,987,1252
"wikipedia","Joko_Widodo","all-access","all-agents","daily",2016-03-18,942,1207
"wikipedia","Joko_Widodo","all-access","all-agents","daily",2016-03-19,748,988
"wikipedia","Joko_Widodo","all-access","all-agents","daily",2016-03-20,1072,1108
"wikipedia","Joko_Widodo","all-access","all-agents","daily",2016-03-21,1006,1084
"wikipedia","Joko_Widodo","all-access","all-agents","daily",2016-03-22,941,1691
"wikipedia","Joko_Widodo","all-access","all-agents","daily",2016-03-23,1002,1520
"wikipedia","Joko_Widodo","all-access","all-agents","daily",2016-03-24,873,1067
"wikipedia","Joko_Widodo","all-access","all-agents","daily",2016-03-25,756,812
"wikipedia","Joko_Widodo","all-access","all-agents","daily",2016-03-26,708,901
"wikipedia","Joko_Widodo","all-access","all-agents","daily",2016-03-27,796,949
"wikipedia","Joko_Widodo","all-access","all-agents","daily",2016-03-28,901,947
"wikipedia","Joko_Widodo","all-access","all-agents","daily",2016-03-29,2095,2060
"wikipedia","Joko_Widodo","all-access","all-agents","daily",2016-03-30,1013,1067
"wikipedia","Joko_Widodo","all-access","all-agents","daily",2016-03-31,823,1047
"wikipedia","Joko_Widodo","all-access","all-agents","daily",2016-04-01,773,1029
"wikipedia","Joko_Widodo","all-access","all-agents","daily",2016-04-02,942,864
"wikipedia","Joko_Widodo","all-access","all-agents","daily",2016-04-03,929,1114
"wikipedia","Joko_Widodo","all-access","all-agents","daily",2016-04-04,940,1588
"wikipedia","Joko_Widodo","all-access","all-agents","daily",2016-04-05,979,1115
"wikipedia","Joko_Widodo","all-access","all-agents","daily",2016-04-06,1084,1063
"wikipedia","Joko_Widodo","all-access","all-agents","daily",2016-04-07,866,1007
"wikipedia","Joko_Widodo","all-access","all-agents","daily",2016-04-08,796,973
"wikipedia","Joko_Widodo","all-access","all-agents","daily",2016-04-09,672,896
"wikipedia","Joko_Widodo","all-access","all-agents","daily",2016-04-10,806,1078
"wikipedia","Joko_Widodo","all-access","all-agents","daily",2016-04-11,869,999
"wikipedia","Joko_Widodo","all-access","all-agents","daily",2016-04-12,903,1061
"wikipedia","Joko_Widodo","all-access","all-agents","daily",2016-04-13,951,1049
"wikipedia","Joko_Widodo","all-access","all-agents","daily",2016-04-14,878,929
"wikipedia","Joko_Widodo","all-access","all-agents","daily",2016-04-15,995,966
"wikipedia","Joko_Widodo","all-access","all-agents","daily",2016-04-16,773,786
"wikipedia","Joko_Widodo","all-access","all-agents","daily",2016-04-17,881,944
"wikipedia","Joko_Widodo","all-access","all-agents","daily",2016-04-18,1307,960
"wikipedia","Joko_Widodo","all-access","all-agents","daily",2016-04-19,1129,954
"wikipedia","Joko_Widodo","all-access","all-agents","daily",2016-04-20,985,1100
"wikipedia","Joko_Widodo","all-access","all-agents","daily",2016-04-21,1005,992
"wikipedia","Joko_Widodo","all-access","all-agents","daily",2016-04-22,1030,1020
"wikipedia","Joko_Widodo","all-access","all-agents","daily",2016-04-23,776,924
"wikipedia","Joko_Widodo","all-access","all-agents","daily",2016-04-24,803,904
"wikipedia","Joko_Widodo","all-access","all-agents","daily",2016-04-25,1178,1058
"wikipedia","Joko_Widodo","all-access","all-agents","daily",2016-04-26,1204,1010
"wikipedia","Joko_Widodo","all-access","all-agents","daily",2016-04-27,1068,1048
"wikipedia","Joko_Widodo","all-access","all-agents","daily",2016-04-28,1154,1055
"wikipedia","Joko_Widodo","all-access","all-agents","daily",2016-04-29,1074,1004
"wikipedia","Joko_Widodo","all-access","all-agents","daily",2016-04-30,855,916
"wikipedia","Joko_Widodo","all-access","all-agents","daily",2016-05-01,860,1114
"wikipedia","Joko_Widodo","all-access","all-agents","daily",2016-05-02,862,1106
"wikipedia","Joko_Widodo","all-access","all-agents","daily",2016-05-03,896,962
"wikipedia","Joko_Widodo","all-access","all-agents","daily",2016-05-04,917,881
"wikipedia","Joko_Widodo","all-access","all-agents","daily",2016-05-05,860,960
"wikipedia","Joko_Widodo","all-access","all-agents","daily",2016-05-06,878,912
"wikipedia","Joko_Widodo","all-access","all-agents","daily",2016-05-07,1000,911
"wikipedia","Joko_Widodo","all-access","all-agents","daily",2016-05-08,955,942
"wikipedia","Joko_Widodo","all-access","all-agents","daily",2016-05-09,1237,1062
"wikipedia","Joko_Widodo","all-access","all-agents","daily",2016-05-10,1270,1098
"wikipedia","Joko_Widodo","all-access","all-agents","daily",2016-05-11,1169,1028
"wikipedia","Joko_Widodo","all-access","all-agents","daily",2016-05-12,880,1000
"wikipedia","Joko_Widodo","all-access","all-agents","daily",2016-05-13,812,925
"wikipedia","Joko_Widodo","all-access","all-agents","daily",2016-05-14,751,992
"wikipedia","Joko_Widodo","all-access","all-agents","daily",2016-05-15,1075,1013
"wikipedia","Joko_Widodo","all-access","all-agents","daily",2016-05-16,1011,1065
"wikipedia","Joko_Widodo","all-access","all-agents","daily",2016-05-17,1010,1088
"wikipedia","Joko_Widodo","all-access","all-agents","daily",2016-05-18,952,972
"wikipedia","Joko_Widodo","all-access","all-agents","daily",2016-05-19,896,1070
"wikipedia","Joko_Widodo","all-access","all-agents","daily",2016-05-20,836,928
"wikipedia","Joko_Widodo","all-access","all-agents","daily",2016-05-21,771,955
"wikipedia","Joko_Widodo","all-access","all-agents","daily",2016-05-22,774,1010
"wikipedia","Joko_Widodo","all-access","all-agents","daily",2016-05-23,858,1053
"wikipedia","Joko_Widodo","all-access","all-agents","daily",2016-05-24,854,1110
"wikipedia","Joko_Widodo","all-access","all-agents","daily",2016-05-25,911,1132
"wikipedia","Joko_Widodo","all-access","all-agents","daily",2016-05-26,1598,1086
"wikipedia","Joko_Widodo","all-access","all-agents","daily",2016-05-27,1378,1162
"wikipedia","Joko_Widodo","all-access","all-agents","daily",2016-05-28,828,989
"wikipedia","Joko_Widodo","all-access","all-agents","daily",2016-05-29,883,1006
"wikipedia","Joko_Widodo","all-access","all-agents","daily",2016-05-30,972,1100
"wikipedia","Joko_Widodo","all-access","all-agents","daily",2016-05-31,888,1050
"wikipedia","Joko_Widodo","all-access","all-agents","daily",2016-06-01,980,1187
"wikipedia","Joko_Widodo","all-access","all-agents","daily",2016-06-02,832,1131
"wikipedia","Joko_Widodo","all-access","all-agents","daily",2016-06-03,869,1025
"wikipedia","Joko_Widodo","all-access","all-agents","daily",2016-06-04,695,817
"wikipedia","Joko_Widodo","all-access","all-agents","daily",2016-06-05,690,835
"wikipedia","Joko_Widodo","all-access","all-agents","daily",2016-06-06,905,882
"wikipedia","Joko_Widodo","all-access","all-agents","daily",2016-06-07,845,902
"wikipedia","Joko_Widodo","all-access","all-agents","daily",2016-06-08,900,974
"wikipedia","Joko_Widodo","all-access","all-agents","daily",2016-06-09,992,915
"wikipedia","Joko_Widodo","all-access","all-agents","daily",2016-06-10,741,805
"wikipedia","Joko_Widodo","all-access","all-agents","daily",2016-06-11,651,757
"wikipedia","Joko_Widodo","all-access","all-agents","daily",2016-06-12,834,821
"wikipedia","Joko_Widodo","all-access","all-agents","daily",2016-06-13,882,747
"wikipedia","Joko_Widodo","all-access","all-agents","daily",2016-06-14,1025,866
"wikipedia","Joko_Widodo","all-access","all-agents","daily",2016-06-15,948,1002
"wikipedia","Joko_Widodo","all-access","all-agents","daily",2016-06-16,886,1175
"wikipedia","Joko_Widodo","all-access","all-agents","daily",2016-06-17,755,1100
"wikipedia","Joko_Widodo","all-access","all-agents","daily",2016-06-18,683,1054
"wikipedia","Joko_Widodo","all-access","all-agents","daily",2016-06-19,691,986
"wikipedia","Joko_Widodo","all-access","all-agents","daily",2016-06-20,1027,1548
"wikipedia","Joko_Widodo","all-access","all-agents","daily",2016-06-21,3521,19560
"wikipedia","Joko_Widodo","all-access","all-agents","daily",2016-06-22,1484,2471
"wikipedia","Joko_Widodo","all-access","all-agents","daily",2016-06-23,1198,1544
"wikipedia","Joko_Widodo","all-access","all-agents","daily",2016-06-24,1176,1187
"wikipedia","Joko_Widodo","all-access","all-agents","daily",2016-06-25,947,1035
"wikipedia","Joko_Widodo","all-access","all-agents","daily",2016-06-26,830,1037
"wikipedia","Joko_Widodo","all-access","all-agents","daily",2016-06-27,719,1010
"wikipedia","Joko_Widodo","all-access","all-agents","daily",2016-06-28,764,1052
"wikipedia","Joko_Widodo","all-access","all-agents","daily",2016-06-29,869,980
"wikipedia","Joko_Widodo","all-access","all-agents","daily",2016-06-30,779,967
"wikipedia","Joko_Widodo","all-access","all-agents","daily",2016-07-01,842,886
"wikipedia","Joko_Widodo","all-access","all-agents","daily",2016-07-02,641,786
"wikipedia","Joko_Widodo","all-access","all-agents","daily",2016-07-03,746,914
"wikipedia","Joko_Widodo","all-access","all-agents","daily",2016-07-04,904,1093
"wikipedia","Joko_Widodo","all-access","all-agents","daily",2016-07-05,1112,965
"wikipedia","Joko_Widodo","all-access","all-agents","daily",2016-07-06,924,872
"wikipedia","Joko_Widodo","all-access","all-agents","daily",2016-07-07,819,1805
"wikipedia","Joko_Widodo","all-access","all-agents","daily",2016-07-08,745,1246
"wikipedia","Joko_Widodo","all-access","all-agents","daily",2016-07-09,717,994
"wikipedia","Joko_Widodo","all-access","all-agents","daily",2016-07-10,760,915
"wikipedia","Joko_Widodo","all-access","all-agents","daily",2016-07-11,773,804
"wikipedia","Joko_Widodo","all-access","all-agents","daily",2016-07-12,719,866
"wikipedia","Joko_Widodo","all-access","all-agents","daily",2016-07-13,830,1077
"wikipedia","Joko_Widodo","all-access","all-agents","daily",2016-07-14,783,977
"wikipedia","Joko_Widodo","all-access","all-agents","daily",2016-07-15,818,784
"wikipedia","Joko_Widodo","all-access","all-agents","daily",2016-07-16,755,808
"wikipedia","Joko_Widodo","all-access","all-agents","daily",2016-07-17,841,878
"wikipedia","Joko_Widodo","all-access","all-agents","daily",2016-07-18,844,1000
"wikipedia","Joko_Widodo","all-access","all-agents","daily",2016-07-19,905,1015
"wikipedia","Joko_Widodo","all-access","all-agents","daily",2016-07-20,850,907
"wikipedia","Joko_Widodo","all-access","all-agents","daily",2016-07-21,806,899
"wikipedia","Joko_Widodo","all-access","all-agents","daily",2016-07-22,823,854
"wikipedia","Joko_Widodo","all-access","all-agents","daily",2016-07-23,659,861
"wikipedia","Joko_Widodo","all-access","all-agents","daily",2016-07-24,813,993
"wikipedia","Joko_Widodo","all-access","all-agents","daily",2016-07-25,786,935
"wikipedia","Joko_Widodo","all-access","all-agents","daily",2016-07-26,948,953
"wikipedia","Joko_Widodo","all-access","all-agents","daily",2016-07-27,1735,2332
"wikipedia","Joko_Widodo","all-access","all-agents","daily",2016-07-28,2657,1819
"wikipedia","Joko_Widodo","all-access","all-agents","daily",2016-07-29,2008,1367
"wikipedia","Joko_Widodo","all-access","all-agents","daily",2016-07-30,1008,1216
"wikipedia","Joko_Widodo","all-access","all-agents","daily",2016-07-31,968,1100
"wikipedia","Joko_Widodo","all-access","all-agents","daily",2016-08-01,1446,1207
"wikipedia","Joko_Widodo","all-access","all-agents","daily",2016-08-02,1136,1257
"wikipedia","Joko_Widodo","all-access","all-agents","daily",2016-08-03,912,1166
"wikipedia","Joko_Widodo","all-access","all-agents","daily",2016-08-04,818,1113
"wikipedia","Joko_Widodo","all-access","all-agents","daily",2016-08-05,785,1012
"wikipedia","Joko_Widodo","all-access","all-agents","daily",2016-08-06,774,870
"wikipedia","Joko_Widodo","all-access","all-agents","daily",2016-08-07,798,957
"wikipedia","Joko_Widodo","all-access","all-agents","daily",2016-08-08,765,1035
"wikipedia","Joko_Widodo","all-access","all-agents","daily",2016-08-09,708,1087
"wikipedia","Joko_Widodo","all-access","all-agents","daily",2016-08-10,824,1111
"wikipedia","Joko_Widodo","all-access","all-agents","daily",2016-08-11,806,1099
"wikipedia","Joko_Widodo","all-access","all-agents","daily",2016-08-12,775,977
"wikipedia","Joko_Widodo","all-access","all-agents","daily",2016-08-13,637,967
"wikipedia","Joko_Widodo","all-access","all-agents","daily",2016-08-14,723,1078
"wikipedia","Joko_Widodo","all-access","all-agents","daily",2016-08-15,818,1143
"wikipedia","Joko_Widodo","all-access","all-agents","daily",2016-08-16,1148,1376
"wikipedia","Joko_Widodo","all-access","all-agents","daily",2016-08-17,1247,2495
"wikipedia","Joko_Widodo","all-access","all-agents","daily",2016-08-18,1203,1459
"wikipedia","Joko_Widodo","all-access","all-agents","daily",2016-08-19,720,1219
"wikipedia","Joko_Widodo","all-access","all-agents","daily",2016-08-20,687,1075
"wikipedia","Joko_Widodo","all-access","all-agents","daily",2016-08-21,837,1254
"wikipedia","Joko_Widodo","all-access","all-agents","daily",2016-08-22,953,1218
"wikipedia","Joko_Widodo","all-access","all-agents","daily",2016-08-23,946,1180
"wikipedia","Joko_Widodo","all-access","all-agents","daily",2016-08-24,900,1103
"wikipedia","Joko_Widodo","all-access","all-agents","daily",2016-08-25,817,1044
"wikipedia","Joko_Widodo","all-access","all-agents","daily",2016-08-26,806,911
"wikipedia","Joko_Widodo","all-access","all-agents","daily",2016-08-27,684,843
"wikipedia","Joko_Widodo","all-access","all-agents","daily",2016-08-28,724,935
"wikipedia","Joko_Widodo","all-access","all-agents","daily",2016-08-29,919,911
"wikipedia","Joko_Widodo","all-access","all-agents","daily",2016-08-30,1053,972
"wikipedia","Joko_Widodo","all-access","all-agents","daily",2016-08-31,857,935
"wikipedia","Joko_Widodo","all-access","all-agents","daily",2016-09-01,782,886
"wikipedia","Joko_Widodo","all-access","all-agents","daily",2016-09-02,960,840
"wikipedia","Joko_Widodo","all-access","all-agents","daily",2016-09-03,1290,782
"wikipedia","Joko_Widodo","all-access","all-agents","daily",2016-09-04,1829,882
"wikipedia","Joko_Widodo","all-access","all-agents","daily",2016-09-05,2094,902
"wikipedia","Joko_Widodo","all-access","all-agents","daily",2016-09-06,1642,911
"wikipedia","Joko_Widodo","all-access","all-agents","daily",2016-09-07,1264,897
"wikipedia","Joko_Widodo","all-access","all-agents","daily",2016-09-08,1664,954
"wikipedia","Joko_Widodo","all-access","all-agents","daily",2016-09-09,2392,923
"wikipedia","Joko_Widodo","all-access","all-agents","daily",2016-09-10,1870,699
"wikipedia","Joko_Widodo","all-access","all-agents","daily",2016-09-11,1229,703
"wikipedia","Joko_Widodo","all-access","all-agents","daily",2016-09-12,2305,868
"wikipedia","Joko_Widodo","all-access","all-agents","daily",2016-09-13,1996,947
"wikipedia","Joko_Widodo","all-access","all-agents","daily",2016-09-14,1304,1019
"wikipedia","Joko_Widodo","all-access","all-agents","daily",2016-09-15,1026,900
"wikipedia","Joko_Widodo","all-access","all-agents","daily",2016-09-16,975,856
"wikipedia","Joko_Widodo","all-access","all-agents","daily",2016-09-17,755,964
"wikipedia","Joko_Widodo","all-access","all-agents","daily",2016-09-18,850,959
"wikipedia","Joko_Widodo","all-access","all-agents","daily",2016-09-19,784,1001
"wikipedia","Joko_Widodo","all-access","all-agents","daily",2016-09-20,832,1024
"wikipedia","Joko_Widodo","all-access","all-agents","daily",2016-09-21,847,1086
"wikipedia","Joko_Widodo","all-access","all-agents","daily",2016-09-22,713,1104
"wikipedia","Joko_Widodo","all-access","all-agents","daily",2016-09-23,808,1425
"wikipedia","Joko_Widodo","all-access","all-agents","daily",2016-09-24,684,1165
"wikipedia","Joko_Widodo","all-access","all-agents","daily",2016-09-25,804,1123
"wikipedia","Joko_Widodo","all-access","all-agents","daily",2016-09-26,837,1124
"wikipedia","Joko_Widodo","all-access","all-agents","daily",2016-09-27,1027,1294
"wikipedia","Joko_Widodo","all-access","all-agents","daily",2016-09-28,883,1079
"wikipedia","Joko_Widodo","all-access","all-agents","daily",2016-09-29,1209,1085
"wikipedia","Joko_Widodo","all-access","all-agents","daily",2016-09-30,927,925
"wikipedia","Joko_Widodo","all-access","all-agents","daily",2016-10-01,803,874
"wikipedia","Joko_Widodo","all-access","all-agents","daily",2016-10-02,784,969
"wikipedia","Joko_Widodo","all-access","all-agents","daily",2016-10-03,847,1013
"wikipedia","Joko_Widodo","all-access","all-agents","daily",2016-10-04,882,1030
"wikipedia","Joko_Widodo","all-access","all-agents","daily",2016-10-05,870,1081
"wikipedia","Joko_Widodo","all-access","all-agents","daily",2016-10-06,991,984
"wikipedia","Joko_Widodo","all-access","all-agents","daily",2016-10-07,874,1056
"wikipedia","Joko_Widodo","all-access","all-agents","daily",2016-10-08,705,958
"wikipedia","Joko_Widodo","all-access","all-agents","daily",2016-10-09,742,1114
"wikipedia","Joko_Widodo","all-access","all-agents","daily",2016-10-10,832,1240
"wikipedia","Joko_Widodo","all-access","all-agents","daily",2016-10-11,882,1292
"wikipedia","Joko_Widodo","all-access","all-agents","daily",2016-10-12,1098,1286
"wikipedia","Joko_Widodo","all-access","all-agents","daily",2016-10-13,1074,1305
"wikipedia","Joko_Widodo","all-access","all-agents","daily",2016-10-14,1074,1574
"wikipedia","Joko_Widodo","all-access","all-agents","daily",2016-10-15,982,1180
"wikipedia","Joko_Widodo","all-access","all-agents","daily",2016-10-16,961,1165
"wikipedia","Joko_Widodo","all-access","all-agents","daily",2016-10-17,1081,1476
"wikipedia","Joko_Widodo","all-access","all-agents","daily",2016-10-18,1356,1438
"wikipedia","Joko_Widodo","all-access","all-agents","daily",2016-10-19,2190,1639
"wikipedia","Joko_Widodo","all-access","all-agents","daily",2016-10-20,1309,1591
"wikipedia","Joko_Widodo","all-access","all-agents","daily",2016-10-21,1109,1241
"wikipedia","Joko_Widodo","all-access","all-agents","daily",2016-10-22,961,1153
"wikipedia","Joko_Widodo","all-access","all-agents","daily",2016-10-23,1002,1362
"wikipedia","Joko_Widodo","all-access","all-agents","daily",2016-10-24,990,1394
"wikipedia","Joko_Widodo","all-access","all-agents","daily",2016-10-25,1045,1550
"wikipedia","Joko_Widodo","all-access","all-agents","daily",2016-10-26,1022,1577
"wikipedia","Joko_Widodo","all-access","all-agents","daily",2016-10-27,874,1232
"wikipedia","Joko_Widodo","all-access","all-agents","daily",2016-10-28,812,1191
"wikipedia","Joko_Widodo","all-access","all-agents","daily",2016-10-29,694,1112
"wikipedia","Joko_Widodo","all-access","all-agents","daily",2016-10-30,853,1290
"wikipedia","Joko_Widodo","all-access","all-agents","daily",2016-10-31,1003,1688
"wikipedia","Joko_Widodo","all-access","all-agents","daily",2016-11-01,1015,1708
"wikipedia","Joko_Widodo","all-access","all-agents","daily",2016-11-02,1096,1750
"wikipedia","Joko_Widodo","all-access","all-agents","daily",2016-11-03,1292,1933
"wikipedia","Joko_Widodo","all-access","all-agents","daily",2016-11-04,2650,3013
"wikipedia","Joko_Widodo","all-access","all-agents","daily",2016-11-05,3603,2915
"wikipedia","Joko_Widodo","all-access","all-agents","daily",2016-11-06,2206,2538
"wikipedia","Joko_Widodo","all-access","all-agents","daily",2016-11-07,1815,2500
"wikipedia","Joko_Widodo","all-access","all-agents","daily",2016-11-08,2109,2514
"wikipedia","Joko_Widodo","all-access","all-agents","daily",2016-11-09,2022,2566
"wikipedia","Joko_Widodo","all-access","all-agents","daily",2016-11-10,1701,2411
"wikipedia","Joko_Widodo","all-access","all-agents","daily",2016-11-11,1434,2129
"wikipedia","Joko_Widodo","all-access","all-agents","daily",2016-11-12,1113,2062
"wikipedia","Joko_Widodo","all-access","all-agents","daily",2016-11-13,1221,2101
"wikipedia","Joko_Widodo","all-access","all-agents","daily",2016-11-14,1435,2020
"wikipedia","Joko_Widodo","all-access","all-agents","daily",2016-11-15,1222,1913
"wikipedia","Joko_Widodo","all-access","all-agents","daily",2016-11-16,1538,2037
"wikipedia","Joko_Widodo","all-access","all-agents","daily",2016-11-17,1365,2005
"wikipedia","Joko_Widodo","all-access","all-agents","daily",2016-11-18,1078,1697
"wikipedia","Joko_Widodo","all-access","all-agents","daily",2016-11-19,1030,1515
"wikipedia","Joko_Widodo","all-access","all-agents","daily",2016-11-20,1059,1578
"wikipedia","Joko_Widodo","all-access","all-agents","daily",2016-11-21,1247,1685
"wikipedia","Joko_Widodo","all-access","all-agents","daily",2016-11-22,1219,1770
"wikipedia","Joko_Widodo","all-access","all-agents","daily",2016-11-23,1376,1752
"wikipedia","Joko_Widodo","all-access","all-agents","daily",2016-11-24,1097,1712
"wikipedia","Joko_Widodo","all-access","all-agents","daily",2016-11-25,944,1381
"wikipedia","Joko_Widodo","all-access","all-agents","daily",2016-11-26,1051,1298
"wikipedia","Joko_Widodo","all-access","all-agents","daily",2016-11-27,997,1443
"wikipedia","Joko_Widodo","all-access","all-agents","daily",2016-11-28,1086,1471
"wikipedia","Joko_Widodo","all-access","all-agents","daily",2016-11-29,1145,1648
"wikipedia","Joko_Widodo","all-access","all-agents","daily",2016-11-30,1032,1486
"wikipedia","Joko_Widodo","all-access","all-agents","daily",2016-12-01,973,1407
"wikipedia","Joko_Widodo","all-access","all-agents","daily",2016-12-02,2090,2299
"wikipedia","Joko_Widodo","all-access","all-agents","daily",2016-12-03,1659,1644
"wikipedia","Joko_Widodo","all-access","all-agents","daily",2016-12-04,1353,1630
"wikipedia","Joko_Widodo","all-access","all-agents","daily",2016-12-05,1258,1525
"wikipedia","Joko_Widodo","all-access","all-agents","daily",2016-12-06,1173,1508
"wikipedia","Joko_Widodo","all-access","all-agents","daily",2016-12-07,1500,1233
"wikipedia","Joko_Widodo","all-access","all-agents","daily",2016-12-08,1319,1196
"wikipedia","Joko_Widodo","all-access","all-agents","daily",2016-12-09,1093,1261
"wikipedia","Joko_Widodo","all-access","all-agents","daily",2016-12-10,961,1101
"wikipedia","Joko_Widodo","all-access","all-agents","daily",2016-12-11,1000,1202
"wikipedia","Joko_Widodo","all-access","all-agents","daily",2016-12-12,1961,1389
"wikipedia","Joko_Widodo","all-access","all-agents","daily",2016-12-13,2131,1444
"wikipedia","Joko_Widodo","all-access","all-agents","daily",2016-12-14,1312,1166
"wikipedia","Joko_Widodo","all-access","all-agents","daily",2016-12-15,1033,1171
"wikipedia","Joko_Widodo","all-access","all-agents","daily",2016-12-16,954,1125
"wikipedia","Joko_Widodo","all-access","all-agents","daily",2016-12-17,808,1080
"wikipedia","Joko_Widodo","all-access","all-agents","daily",2016-12-18,890,1248
"wikipedia","Joko_Widodo","all-access","all-agents","daily",2016-12-19,1049,1438
"wikipedia","Joko_Widodo","all-access","all-agents","daily",2016-12-20,1008,1426
"wikipedia","Joko_Widodo","all-access","all-agents","daily",2016-12-21,944,1435
"wikipedia","Joko_Widodo","all-access","all-agents","daily",2016-12-22,956,1885
"wikipedia","Joko_Widodo","all-access","all-agents","daily",2016-12-23,914,1658
"wikipedia","Joko_Widodo","all-access","all-agents","daily",2016-12-24,810,1313
"wikipedia","Joko_Widodo","all-access","all-agents","daily",2016-12-25,771,1316
"wikipedia","Joko_Widodo","all-access","all-agents","daily",2016-12-26,883,1329
"wikipedia","Joko_Widodo","all-access","all-agents","daily",2016-12-27,986,1401
"wikipedia","Joko_Widodo","all-access","all-agents","daily",2016-12-28,907,1141
"wikipedia","Joko_Widodo","all-access","all-agents","daily",2016-12-29,897,1253
"wikipedia","Joko_Widodo","all-access","all-agents","daily",2016-12-30,830,1131
"wikipedia","Joko_Widodo","all-access","all-agents","daily",2016-12-31,804,1081
"wikipedia","Joko_Widodo","all-access","all-agents","daily",2017-01-01,1116,1532
"wikipedia","Joko_Widodo","all-access","all-agents","daily",2017-01-02,1362,1536
"wikipedia","Joko_Widodo","all-access","all-agents","daily",2017-01-03,2648,1464
"wikipedia","Joko_Widodo","all-access","all-agents","daily",2017-01-04,2443,1529
"wikipedia","Joko_Widodo","all-access","all-agents","daily",2017-01-05,1487,2365
"wikipedia","Joko_Widodo","all-access","all-agents","daily",2017-01-06,1252,1844
"wikipedia","Joko_Widodo","all-access","all-agents","daily",2017-01-07,1030,1557
"wikipedia","Joko_Widodo","all-access","all-agents","daily",2017-01-08,1084,1718
"wikipedia","Joko_Widodo","all-access","all-agents","daily",2017-01-09,1119,1651
"wikipedia","Joko_Widodo","all-access","all-agents","daily",2017-01-10,1027,1835
"wikipedia","Joko_Widodo","all-access","all-agents","daily",2017-01-11,1175,1737
"wikipedia","Joko_Widodo","all-access","all-agents","daily",2017-01-12,1110,1574
"wikipedia","Joko_Widodo","all-access","all-agents","daily",2017-01-13,1020,1935
"wikipedia","Joko_Widodo","all-access","all-agents","daily",2017-01-14,1104,2225
"wikipedia","Joko_Widodo","all-access","all-agents","daily",2017-01-15,1186,1916
"wikipedia","Joko_Widodo","all-access","all-agents","daily",2017-01-16,1241,2013
"wikipedia","Joko_Widodo","all-access","all-agents","daily",2017-01-17,1156,1935
"wikipedia","Joko_Widodo","all-access","all-agents","daily",2017-01-18,1163,1904
"wikipedia","Joko_Widodo","all-access","all-agents","daily",2017-01-19,1110,1696
"wikipedia","Joko_Widodo","all-access","all-agents","daily",2017-01-20,1101,1604
"wikipedia","Joko_Widodo","all-access","all-agents","daily",2017-01-21,1089,1446
"wikipedia","Joko_Widodo","all-access","all-agents","daily",2017-01-22,1234,1691
"wikipedia","Joko_Widodo","all-access","all-agents","daily",2017-01-23,1215,1791
"wikipedia","Joko_Widodo","all-access","all-agents","daily",2017-01-24,1084,1534
"wikipedia","Joko_Widodo","all-access","all-agents","daily",2017-01-25,1011,1443
"wikipedia","Joko_Widodo","all-access","all-agents","daily",2017-01-26,1196,1551
"wikipedia","Joko_Widodo","all-access","all-agents","daily",2017-01-27,1086,1746
"wikipedia","Joko_Widodo","all-access","all-agents","daily",2017-01-28,977,1513
"wikipedia","Joko_Widodo","all-access","all-agents","daily",2017-01-29,1178,1726
"wikipedia","Joko_Widodo","all-access","all-agents","daily",2017-01-30,1212,1755
"wikipedia","Joko_Widodo","all-access","all-agents","daily",2017-01-31,1251,1645
"wikipedia","Joko_Widodo","all-access","all-agents","daily",2017-02-01,1163,1674
"wikipedia","Joko_Widodo","all-access","all-agents","daily",2017-02-02,1149,1536
"wikipedia","Joko_Widodo","all-access","all-agents","daily",2017-02-03,1005,1452
"wikipedia","Joko_Widodo","all-access","all-agents","daily",2017-02-04,986,1300
"wikipedia","Joko_Widodo","all-access","all-agents","daily",2017-02-05,1118,1636
"wikipedia","Joko_Widodo","all-access","all-agents","daily",2017-02-06,1171,1688
"wikipedia","Joko_Widodo","all-access","all-agents","daily",2017-02-07,1312,1701
"wikipedia","Joko_Widodo","all-access","all-agents","daily",2017-02-08,1175,1824
"wikipedia","Joko_Widodo","all-access","all-agents","daily",2017-02-09,1278,1838
"wikipedia","Joko_Widodo","all-access","all-agents","daily",2017-02-10,1426,2119
"wikipedia","Joko_Widodo","all-access","all-agents","daily",2017-02-11,1764,2091
"wikipedia","Joko_Widodo","all-access","all-agents","daily",2017-02-12,2363,2025
"wikipedia","Joko_Widodo","all-access","all-agents","daily",2017-02-13,1991,1987
"wikipedia","Joko_Widodo","all-access","all-agents","daily",2017-02-14,1632,2249
"wikipedia","Joko_Widodo","all-access","all-agents","daily",2017-02-15,2549,4273
"wikipedia","Joko_Widodo","all-access","all-agents","daily",2017-02-16,1844,2923
"wikipedia","Joko_Widodo","all-access","all-agents","daily",2017-02-17,1331,2234
"wikipedia","Joko_Widodo","all-access","all-agents","daily",2017-02-18,1174,1915
"wikipedia","Joko_Widodo","all-access","all-agents","daily",2017-02-19,1201,2064
"wikipedia","Joko_Widodo","all-access","all-agents","daily",2017-02-20,1229,2048
"wikipedia","Joko_Widodo","all-access","all-agents","daily",2017-02-21,1216,2145
"wikipedia","Joko_Widodo","all-access","all-agents","daily",2017-02-22,1313,2102
"wikipedia","Joko_Widodo","all-access","all-agents","daily",2017-02-23,1316,2024
"wikipedia","Joko_Widodo","all-access","all-agents","daily",2017-02-24,1240,1821
"wikipedia","Joko_Widodo","all-access","all-agents","daily",2017-02-25,1511,1779
"wikipedia","Joko_Widodo","all-access","all-agents","daily",2017-02-26,1900,1957
"wikipedia","Joko_Widodo","all-access","all-agents","daily",2017-02-27,1344,2008
"wikipedia","Joko_Widodo","all-access","all-agents","daily",2017-02-28,1246,1875
"wikipedia","Joko_Widodo","all-access","all-agents","daily",2017-03-01,2361,2483
"wikipedia","Joko_Widodo","all-access","all-agents","daily",2017-03-02,2159,2297
"wikipedia","Joko_Widodo","all-access","all-agents","daily",2017-03-03,1661,1818
"wikipedia","Joko_Widodo","all-access","all-agents","daily",2017-03-04,1263,1552
"wikipedia","Joko_Widodo","all-access","all-agents","daily",2017-03-05,1180,1685
"wikipedia","Joko_Widodo","all-access","all-agents","daily",2017-03-06,1469,1571
"wikipedia","Joko_Widodo","all-access","all-agents","daily",2017-03-07,1255,1627
"wikipedia","Joko_Widodo","all-access","all-agents","daily",2017-03-08,1105,1464
"wikipedia","Joko_Widodo","all-access","all-agents","daily",2017-03-09,1206,1650
"wikipedia","Joko_Widodo","all-access","all-agents","daily",2017-03-10,1075,1412
"wikipedia","Joko_Widodo","all-access","all-agents","daily",2017-03-11,1003,1378
"wikipedia","Joko_Widodo","all-access","all-agents","daily",2017-03-12,1070,1529
"wikipedia","Joko_Widodo","all-access","all-agents","daily",2017-03-13,1195,1511
"wikipedia","Joko_Widodo","all-access","all-agents","daily",2017-03-14,1196,1611
"wikipedia","Joko_Widodo","all-access","all-agents","daily",2017-03-15,1045,1497
"wikipedia","Joko_Widodo","all-access","all-agents","daily",2017-03-16,1086,1677
"wikipedia","Joko_Widodo","all-access","all-agents","daily",2017-03-17,988,1257
"wikipedia","Joko_Widodo","all-access","all-agents","daily",2017-03-18,965,1146
"wikipedia","Joko_Widodo","all-access","all-agents","daily",2017-03-19,1142,1199
"wikipedia","Joko_Widodo","all-access","all-agents","daily",2017-03-20,1205,1325
"wikipedia","Joko_Widodo","all-access","all-agents","daily",2017-03-21,1115,1224
"wikipedia","Joko_Widodo","all-access","all-agents","daily",2017-03-22,1147,1231
"wikipedia","Joko_Widodo","all-access","all-agents","daily",2017-03-23,1095,1260
"wikipedia","Joko_Widodo","all-access","all-agents","daily",2017-03-24,937,1211
"wikipedia","Joko_Widodo","all-access","all-agents","daily",2017-03-25,924,1080
"wikipedia","Joko_Widodo","all-access","all-agents","daily",2017-03-26,998,1142
"wikipedia","Joko_Widodo","all-access","all-agents","daily",2017-03-27,967,1128
"wikipedia","Joko_Widodo","all-access","all-agents","daily",2017-03-28,1167,1302
"wikipedia","Joko_Widodo","all-access","all-agents","daily",2017-03-29,1120,1318
"wikipedia","Joko_Widodo","all-access","all-agents","daily",2017-03-30,1130,1265
"wikipedia","Joko_Widodo","all-access","all-agents","daily",2017-03-31,2272,1112
"wikipedia","Joko_Widodo","all-access","all-agents","daily",2017-04-01,1434,847
"wikipedia","Joko_Widodo","all-access","all-agents","daily",2017-04-02,1152,1105
"wikipedia","Joko_Widodo","all-access","all-agents","daily",2017-04-03,983,1279
"wikipedia","Joko_Widodo","all-access","all-agents","daily",2017-04-04,1036,1252
"wikipedia","Joko_Widodo","all-access","all-agents","daily",2017-04-05,896,1233
"wikipedia","Joko_Widodo","all-access","all-agents","daily",2017-04-06,969,1086
"wikipedia","Joko_Widodo","all-access","all-agents","daily",2017-04-07,938,1055
"wikipedia","Joko_Widodo","all-access","all-agents","daily",2017-04-08,1006,986
"wikipedia","Joko_Widodo","all-access","all-agents","daily",2017-04-09,1133,1003
"wikipedia","Joko_Widodo","all-access","all-agents","daily",2017-04-10,1331,1135
"wikipedia","Joko_Widodo","all-access","all-agents","daily",2017-04-11,1322,1406
"wikipedia","Joko_Widodo","all-access","all-agents","daily",2017-04-12,1150,1266
"wikipedia","Joko_Widodo","all-access","all-agents","daily",2017-04-13,1060,1099
"wikipedia","Joko_Widodo","all-access","all-agents","daily",2017-04-14,946,999
"wikipedia","Joko_Widodo","all-access","all-agents","daily",2017-04-15,972,1002
"wikipedia","Joko_Widodo","all-access","all-agents","daily",2017-04-16,1058,1001
"wikipedia","Joko_Widodo","all-access","all-agents","daily",2017-04-17,1070,1272
"wikipedia","Joko_Widodo","all-access","all-agents","daily",2017-04-18,1242,1382
"wikipedia","Joko_Widodo","all-access","all-agents","daily",2017-04-19,2548,2736
"wikipedia","Joko_Widodo","all-access","all-agents","daily",2017-04-20,2406,2144
"wikipedia","Joko_Widodo","all-access","all-agents","daily",2017-04-21,1619,1591
"wikipedia","Joko_Widodo","all-access","all-agents","daily",2017-04-22,1327,1319
"wikipedia","Joko_Widodo","all-access","all-agents","daily",2017-04-23,1217,1280
"wikipedia","Joko_Widodo","all-access","all-agents","daily",2017-04-24,1354,1409
"wikipedia","Joko_Widodo","all-access","all-agents","daily",2017-04-25,1552,1677
"wikipedia","Joko_Widodo","all-access","all-agents","daily",2017-04-26,1200,1643
"wikipedia","Joko_Widodo","all-access","all-agents","daily",2017-04-27,1536,1410
"wikipedia","Joko_Widodo","all-access","all-agents","daily",2017-04-28,1760,1158
"wikipedia","Joko_Widodo","all-access","all-agents","daily",2017-04-29,1494,1075
"wikipedia","Joko_Widodo","all-access","all-agents","daily",2017-04-30,1909,1015
"wikipedia","Joko_Widodo","all-access","all-agents","daily",2017-05-01,1665,1179
"wikipedia","Joko_Widodo","all-access","all-agents","daily",2017-05-02,1247,1170
"wikipedia","Joko_Widodo","all-access","all-agents","daily",2017-05-03,1262,1200
"wikipedia","Joko_Widodo","all-access","all-agents","daily",2017-05-04,1121,1248
"wikipedia","Joko_Widodo","all-access","all-agents","daily",2017-05-05,1057,1234
"wikipedia","Joko_Widodo","all-access","all-agents","daily",2017-05-06,940,1129
"wikipedia","Joko_Widodo","all-access","all-agents","daily",2017-05-07,1035,1371
"wikipedia","Joko_Widodo","all-access","all-agents","daily",2017-05-08,1312,1530
"wikipedia","Joko_Widodo","all-access","all-agents","daily",2017-05-09,2915,1799
"wikipedia","Joko_Widodo","all-access","all-agents","daily",2017-05-10,1909,1626
"wikipedia","Joko_Widodo","all-access","all-agents","daily",2017-05-11,1511,1511
"wikipedia","Joko_Widodo","all-access","all-agents","daily",2017-05-12,1448,1270
"wikipedia","Joko_Widodo","all-access","all-agents","daily",2017-05-13,1290,1262
"wikipedia","Joko_Widodo","all-access","all-agents","daily",2017-05-14,1348,1283
"wikipedia","Joko_Widodo","all-access","all-agents","daily",2017-05-15,1306,1216
"wikipedia","Joko_Widodo","all-access","all-agents","daily",2017-05-16,1183,1259
"wikipedia","Joko_Widodo","all-access","all-agents","daily",2017-05-17,1295,1235
"wikipedia","Joko_Widodo","all-access","all-agents","daily",2017-05-18,1134,1184
"wikipedia","Joko_Widodo","all-access","all-agents","daily",2017-05-19,997,1125
"wikipedia","Joko_Widodo","all-access","all-agents","daily",2017-05-20,972,1025
"wikipedia","Joko_Widodo","all-access","all-agents","daily",2017-05-21,1174,983
"wikipedia","Joko_Widodo","all-access","all-agents","daily",2017-05-22,1571,1117
"wikipedia","Joko_Widodo","all-access","all-agents","daily",2017-05-23,1601,1032
"wikipedia","Joko_Widodo","all-access","all-agents","daily",2017-05-24,1477,1018
"wikipedia","Joko_Widodo","all-access","all-agents","daily",2017-05-25,1294,972
"wikipedia","Joko_Widodo","all-access","all-agents","daily",2017-05-26,1085,863
"wikipedia","Joko_Widodo","all-access","all-agents","daily",2017-05-27,1078,959
"wikipedia","Joko_Widodo","all-access","all-agents","daily",2017-05-28,1230,897
"wikipedia","Joko_Widodo","all-access","all-agents","daily",2017-05-29,1103,1040
"wikipedia","Joko_Widodo","all-access","all-agents","daily",2017-05-30,1117,1191
"wikipedia","Joko_Widodo","all-access","all-agents","daily",2017-05-31,1043,1185
"wikipedia","Joko_Widodo","all-access","all-agents","daily",2017-06-01,1093,1277
"wikipedia","Joko_Widodo","all-access","all-agents","daily",2017-06-02,851,1097
"wikipedia","Joko_Widodo","all-access","all-agents","daily",2017-06-03,871,950
"wikipedia","Joko_Widodo","all-access","all-agents","daily",2017-06-04,845,917
"wikipedia","Joko_Widodo","all-access","all-agents","daily",2017-06-05,907,955
"wikipedia","Joko_Widodo","all-access","all-agents","daily",2017-06-06,962,1062
"wikipedia","Joko_Widodo","all-access","all-agents","daily",2017-06-07,879,1005
"wikipedia","Joko_Widodo","all-access","all-agents","daily",2017-06-08,875,922
"wikipedia","Joko_Widodo","all-access","all-agents","daily",2017-06-09,811,922
"wikipedia","Joko_Widodo","all-access","all-agents","daily",2017-06-10,805,852
"wikipedia","Joko_Widodo","all-access","all-agents","daily",2017-06-11,771,823
"wikipedia","Joko_Widodo","all-access","all-agents","daily",2017-06-12,1066,867
"wikipedia","Joko_Widodo","all-access","all-agents","daily",2017-06-13,957,843
"wikipedia","Joko_Widodo","all-access","all-agents","daily",2017-06-14,881,887
"wikipedia","Joko_Widodo","all-access","all-agents","daily",2017-06-15,797,905
"wikipedia","Joko_Widodo","all-access","all-agents","daily",2017-06-16,856,890
"wikipedia","Joko_Widodo","all-access","all-agents","daily",2017-06-17,714,782
"wikipedia","Joko_Widodo","all-access","all-agents","daily",2017-06-18,756,760
"wikipedia","Joko_Widodo","all-access","all-agents","daily",2017-06-19,935,868
"wikipedia","Joko_Widodo","all-access","all-agents","daily",2017-06-20,1142,2113
"wikipedia","Joko_Widodo","all-access","all-agents","daily",2017-06-21,3217,6361
"wikipedia","Joko_Widodo","all-access","all-agents","daily",2017-06-22,1098,1520
"wikipedia","Joko_Widodo","all-access","all-agents","daily",2017-06-23,870,968
"wikipedia","Joko_Widodo","all-access","all-agents","daily",2017-06-24,1028,811
"wikipedia","Joko_Widodo","all-access","all-agents","daily",2017-06-25,1008,699
"wikipedia","Joko_Widodo","all-access","all-agents","daily",2017-06-26,836,858
"wikipedia","Joko_Widodo","all-access","all-agents","daily",2017-06-27,1560,939
"wikipedia","Joko_Widodo","all-access","all-agents","daily",2017-06-28,1902,858
"wikipedia","Joko_Widodo","all-access","all-agents","daily",2017-06-29,1166,1017
"wikipedia","Joko_Widodo","all-access","all-agents","daily",2017-06-30,1226,1098
"wikipedia","Joko_Widodo","all-access","all-agents","daily",2017-07-01,1125,976
"wikipedia","Joko_Widodo","all-access","all-agents","daily",2017-07-02,1032,914
"wikipedia","Joko_Widodo","all-access","all-agents","daily",2017-07-03,1169,857
"wikipedia","Joko_Widodo","all-access","all-agents","daily",2017-07-04,1050,846
"wikipedia","Joko_Widodo","all-access","all-agents","daily",2017-07-05,1827,1215
"wikipedia","Joko_Widodo","all-access","all-agents","daily",2017-07-06,2020,1356
"wikipedia","Joko_Widodo","all-access","all-agents","daily",2017-07-07,3792,1269
"wikipedia","Joko_Widodo","all-access","all-agents","daily",2017-07-08,3142,1165
"wikipedia","Joko_Widodo","all-access","all-agents","daily",2017-07-09,2331,1033
"wikipedia","Joko_Widodo","all-access","all-agents","daily",2017-07-10,1616,1192
"wikipedia","Joko_Widodo","all-access","all-agents","daily",2017-07-11,1249,1039
"wikipedia","Joko_Widodo","all-access","all-agents","daily",2017-07-12,1190,1004
"wikipedia","Joko_Widodo","all-access","all-agents","daily",2017-07-13,1110,982
"wikipedia","Joko_Widodo","all-access","all-agents","daily",2017-07-14,992,842
"wikipedia","Joko_Widodo","all-access","all-agents","daily",2017-07-15,956,778
"wikipedia","Joko_Widodo","all-access","all-agents","daily",2017-07-16,913,777
"wikipedia","Joko_Widodo","all-access","all-agents","daily",2017-07-17,858,871
"wikipedia","Joko_Widodo","all-access","all-agents","daily",2017-07-18,886,1028
"wikipedia","Joko_Widodo","all-access","all-agents","daily",2017-07-19,937,1061
"wikipedia","Joko_Widodo","all-access","all-agents","daily",2017-07-20,871,944
"wikipedia","Joko_Widodo","all-access","all-agents","daily",2017-07-21,832,880
"wikipedia","Joko_Widodo","all-access","all-agents","daily",2017-07-22,1120,882
"wikipedia","Joko_Widodo","all-access","all-agents","daily",2017-07-23,2109,915
"wikipedia","Joko_Widodo","all-access","all-agents","daily",2017-07-24,1620,1020
"wikipedia","Joko_Widodo","all-access","all-agents","daily",2017-07-25,1268,1058
"wikipedia","Joko_Widodo","all-access","all-agents","daily",2017-07-26,1010,1078
"wikipedia","Joko_Widodo","all-access","all-agents","daily",2017-07-27,1003,1132
"wikipedia","Joko_Widodo","all-access","all-agents","daily",2017-07-28,967,1043
"wikipedia","Joko_Widodo","all-access","all-agents","daily",2017-07-29,930,927
"wikipedia","Joko_Widodo","all-access","all-agents","daily",2017-07-30,930,1041
"wikipedia","Joko_Widodo","all-access","all-agents","daily",2017-07-31,943,1157
"wikipedia","Joko_Widodo","all-access","all-agents","daily",2017-08-01,923,1108
"wikipedia","Joko_Widodo","all-access","all-agents","daily",2017-08-02,1028,1083
"wikipedia","Joko_Widodo","all-access","all-agents","daily",2017-08-03,930,1046
"wikipedia","Joko_Widodo","all-access","all-agents","daily",2017-08-04,847,872
"wikipedia","Joko_Widodo","all-access","all-agents","daily",2017-08-05,765,809
"wikipedia","Joko_Widodo","all-access","all-agents","daily",2017-08-06,784,902
"wikipedia","Joko_Widodo","all-access","all-agents","daily",2017-08-07,855,1071
"wikipedia","Joko_Widodo","all-access","all-agents","daily",2017-08-08,980,1175
"wikipedia","Joko_Widodo","all-access","all-agents","daily",2017-08-09,942,1132
"wikipedia","Joko_Widodo","all-access","all-agents","daily",2017-08-10,863,1315
"wikipedia","Joko_Widodo","all-access","all-agents","daily",2017-08-11,972,1066
"wikipedia","Joko_Widodo","all-access","all-agents","daily",2017-08-12,909,1102
"wikipedia","Joko_Widodo","all-access","all-agents","daily",2017-08-13,898,1512
"wikipedia","Joko_Widodo","all-access","all-agents","daily",2017-08-14,953,1134
"wikipedia","Joko_Widodo","all-access","all-agents","daily",2017-08-15,863,1352
"wikipedia","Joko_Widodo","all-access","all-agents","daily",2017-08-16,1139,1627
"wikipedia","Joko_Widodo","all-access","all-agents","daily",2017-08-17,1544,2712
"wikipedia","Joko_Widodo","all-access","all-agents","daily",2017-08-18,1023,1689
"wikipedia","Joko_Widodo","all-access","all-agents","daily",2017-08-19,1001,1255
"wikipedia","Joko_Widodo","all-access","all-agents","daily",2017-08-20,1122,1357
"wikipedia","Joko_Widodo","all-access","all-agents","daily",2017-08-21,1013,1360
"wikipedia","Joko_Widodo","all-access","all-agents","daily",2017-08-22,1017,1101
"wikipedia","Joko_Widodo","all-access","all-agents","daily",2017-08-23,1054,1100
"wikipedia","Joko_Widodo","all-access","all-agents","daily",2017-08-24,879,1079
"wikipedia","Joko_Widodo","all-access","all-agents","daily",2017-08-25,856,907
"wikipedia","Joko_Widodo","all-access","all-agents","daily",2017-08-26,757,907
"wikipedia","Joko_Widodo","all-access","all-agents","daily",2017-08-27,843,959
"wikipedia","Joko_Widodo","all-access","all-agents","daily",2017-08-28,883,1086
"wikipedia","Joko_Widodo","all-access","all-agents","daily",2017-08-29,1049,1146
"wikipedia","Joko_Widodo","all-access","all-agents","daily",2017-08-30,1200,1779
"wikipedia","Joko_Widodo","all-access","all-agents","daily",2017-08-31,971,1336
"wikipedia","Joko_Widodo","all-access","all-agents","daily",2017-09-01,908,1245
"wikipedia","Joko_Widodo","all-access","all-agents","daily",2017-09-02,897,1095
"wikipedia","Joko_Widodo","all-access","all-agents","daily",2017-09-03,982,1161
"wikipedia","Joko_Widodo","all-access","all-agents","daily",2017-09-04,1191,1338
"wikipedia","Joko_Widodo","all-access","all-agents","daily",2017-09-05,1098,1210
"wikipedia","Joko_Widodo","all-access","all-agents","daily",2017-09-06,1204,1194
"wikipedia","Joko_Widodo","all-access","all-agents","daily",2017-09-07,1477,1375
"wikipedia","Joko_Widodo","all-access","all-agents","daily",2017-09-08,1063,1040
"wikipedia","Joko_Widodo","all-access","all-agents","daily",2017-09-09,895,972
"wikipedia","Joko_Widodo","all-access","all-agents","daily",2017-09-10,929,1000
"wikipedia","Joko_Widodo","all-access","all-agents","daily",2017-09-11,999,1324
"wikipedia","Joko_Widodo","all-access","all-agents","daily",2017-09-12,1201,1333
"wikipedia","Joko_Widodo","all-access","all-agents","daily",2017-09-13,1064,1237
"wikipedia","Joko_Widodo","all-access","all-agents","daily",2017-09-14,922,1158
"wikipedia","Joko_Widodo","all-access","all-agents","daily",2017-09-15,828,1059
"wikipedia","Joko_Widodo","all-access","all-agents","daily",2017-09-16,822,1041
"wikipedia","Joko_Widodo","all-access","all-agents","daily",2017-09-17,1087,1627
"wikipedia","Joko_Widodo","all-access","all-agents","daily",2017-09-18,1056,1545
"wikipedia","Joko_Widodo","all-access","all-agents","daily",2017-09-19,1140,1594
"wikipedia","Joko_Widodo","all-access","all-agents","daily",2017-09-20,942,1632
"wikipedia","Joko_Widodo","all-access","all-agents","daily",2017-09-21,1016,1471
"wikipedia","Joko_Widodo","all-access","all-agents","daily",2017-09-22,912,1299
"wikipedia","Joko_Widodo","all-access","all-agents","daily",2017-09-23,963,1190
"wikipedia","Joko_Widodo","all-access","all-agents","daily",2017-09-24,941,1368
"wikipedia","Joko_Widodo","all-access","all-agents","daily",2017-09-25,991,1571
"wikipedia","Joko_Widodo","all-access","all-agents","daily",2017-09-26,1124,1593
"wikipedia","Joko_Widodo","all-access","all-agents","daily",2017-09-27,1102,1467
"wikipedia","Joko_Widodo","all-access","all-agents","daily",2017-09-28,1019,1364
"wikipedia","Joko_Widodo","all-access","all-agents","daily",2017-09-29,928,1346
"wikipedia","Joko_Widodo","all-access","all-agents","daily",2017-09-30,868,1522
"wikipedia","Joko_Widodo","all-access","all-agents","daily",2017-10-01,1019,1610
"wikipedia","Joko_Widodo","all-access","all-agents","daily",2017-10-02,938,1490
"wikipedia","Joko_Widodo","all-access","all-agents","daily",2017-10-03,935,1447
"wikipedia","Joko_Widodo","all-access","all-agents","daily",2017-10-04,955,1362
"wikipedia","Joko_Widodo","all-access","all-agents","daily",2017-10-05,1442,1721
"wikipedia","Joko_Widodo","all-access","all-agents","daily",2017-10-06,1290,1388
"wikipedia","Joko_Widodo","all-access","all-agents","daily",2017-10-07,1196,1164
"wikipedia","Joko_Widodo","all-access","all-agents","daily",2017-10-08,1065,1290
"wikipedia","Joko_Widodo","all-access","all-agents","daily",2017-10-09,1094,1423
"wikipedia","Joko_Widodo","all-access","all-agents","daily",2017-10-10,1012,1223
"wikipedia","Joko_Widodo","all-access","all-agents","daily",2017-10-11,881,1234
"wikipedia","Joko_Widodo","all-access","all-agents","daily",2017-10-12,972,1300
"wikipedia","Joko_Widodo","all-access","all-agents","daily",2017-10-13,2873,1414
"wikipedia","Joko_Widodo","all-access","all-agents","daily",2017-10-14,1977,1194
"wikipedia","Joko_Widodo","all-access","all-agents","daily",2017-10-15,1278,1353
"wikipedia","Joko_Widodo","all-access","all-agents","daily",2017-10-16,1330,1864
"wikipedia","Joko_Widodo","all-access","all-agents","daily",2017-10-17,1434,1900
"wikipedia","Joko_Widodo","all-access","all-agents","daily",2017-10-18,1551,1890
"wikipedia","Joko_Widodo","all-access","all-agents","daily",2017-10-19,1332,1794
"wikipedia","Joko_Widodo","all-access","all-agents","daily",2017-10-20,1259,1650
"wikipedia","Joko_Widodo","all-access","all-agents","daily",2017-10-21,949,1296
"wikipedia","Joko_Widodo","all-access","all-agents","daily",2017-10-22,1091,1440
"wikipedia","Joko_Widodo","all-access","all-agents","daily",2017-10-23,1121,1587
"wikipedia","Joko_Widodo","all-access","all-agents","daily",2017-10-24,1121,1574
"wikipedia","Joko_Widodo","all-access","all-agents","daily",2017-10-25,1197,1489
"wikipedia","Joko_Widodo","all-access","all-agents","daily",2017-10-26,1000,1310
"wikipedia","Joko_Widodo","all-access","all-agents","daily",2017-10-27,884,1209
"wikipedia","Joko_Widodo","all-access","all-agents","daily",2017-10-28,776,1050
"wikipedia","Joko_Widodo","all-access","all-agents","daily",2017-10-29,938,1232
"wikipedia","Joko_Widodo","all-access","all-agents","daily",2017-10-30,964,1365
"wikipedia","Joko_Widodo","all-access","all-agents","daily",2017-10-31,986,1311
"wikipedia","Joko_Widodo","all-access","all-agents","daily",2017-11-01,985,1429
"wikipedia","Joko_Widodo","all-access","all-agents","daily",2017-11-02,1059,1500
"wikipedia","Joko_Widodo","all-access","all-agents","daily",2017-11-03,982,1565
"wikipedia","Joko_Widodo","all-access","all-agents","daily",2017-11-04,853,1476
"wikipedia","Joko_Widodo","all-access","all-agents","daily",2017-11-05,1118,1757
"wikipedia","Joko_Widodo","all-access","all-agents","daily",2017-11-06,1378,2385
"wikipedia","Joko_Widodo","all-access","all-agents","daily",2017-11-07,1655,4210
"wikipedia","Joko_Widodo","all-access","all-agents","daily",2017-11-08,2544,6980
"wikipedia","Joko_Widodo","all-access","all-agents","daily",2017-11-09,1953,3896
"wikipedia","Joko_Widodo","all-access","all-agents","daily",2017-11-10,1597,2386
"wikipedia","Joko_Widodo","all-access","all-agents","daily",2017-11-11,1331,1834
"wikipedia","Joko_Widodo","all-access","all-agents","daily",2017-11-12,1575,1839
"wikipedia","Joko_Widodo","all-access","all-agents","daily",2017-11-13,1527,1617
"wikipedia","Joko_Widodo","all-access","all-agents","daily",2017-11-14,1332,1650
"wikipedia","Joko_Widodo","all-access","all-agents","daily",2017-11-15,1259,1652
"wikipedia","Joko_Widodo","all-access","all-agents","daily",2017-11-16,1216,1514
"wikipedia","Joko_Widodo","all-access","all-agents","daily",2017-11-17,1132,1414
"wikipedia","Joko_Widodo","all-access","all-agents","daily",2017-11-18,965,1100
"wikipedia","Joko_Widodo","all-access","all-agents","daily",2017-11-19,1054,1364
"wikipedia","Joko_Widodo","all-access","all-agents","daily",2017-11-20,1181,1368
"wikipedia","Joko_Widodo","all-access","all-agents","daily",2017-11-21,1151,1495
"wikipedia","Joko_Widodo","all-access","all-agents","daily",2017-11-22,1034,1455
"wikipedia","Joko_Widodo","all-access","all-agents","daily",2017-11-23,947,1242
"wikipedia","Joko_Widodo","all-access","all-agents","daily",2017-11-24,837,1544
"wikipedia","Joko_Widodo","all-access","all-agents","daily",2017-11-25,1098,2415
"wikipedia","Joko_Widodo","all-access","all-agents","daily",2017-11-26,1261,2454
"wikipedia","Joko_Widodo","all-access","all-agents","daily",2017-11-27,1175,1639
"wikipedia","Joko_Widodo","all-access","all-agents","daily",2017-11-28,1583,1395
"wikipedia","Joko_Widodo","all-access","all-agents","daily",2017-11-29,2045,1226
"wikipedia","Joko_Widodo","all-access","all-agents","daily",2017-11-30,1260,1058
"wikipedia","Joko_Widodo","all-access","all-agents","daily",2017-12-01,933,1006
"wikipedia","Joko_Widodo","all-access","all-agents","daily",2017-12-02,954,925
"wikipedia","Joko_Widodo","all-access","all-agents","daily",2017-12-03,1105,1021
"wikipedia","Joko_Widodo","all-access","all-agents","daily",2017-12-04,1001,1217
"wikipedia","Joko_Widodo","all-access","all-agents","daily",2017-12-05,1078,1113
"wikipedia","Joko_Widodo","all-access","all-agents","daily",2017-12-06,881,1082
"wikipedia","Joko_Widodo","all-access","all-agents","daily",2017-12-07,963,1003
"wikipedia","Joko_Widodo","all-access","all-agents","daily",2017-12-08,890,1038
"wikipedia","Joko_Widodo","all-access","all-agents","daily",2017-12-09,834,1029
"wikipedia","Joko_Widodo","all-access","all-agents","daily",2017-12-10,845,1091
"wikipedia","Joko_Widodo","all-access","all-agents","daily",2017-12-11,1053,1056
"wikipedia","Joko_Widodo","all-access","all-agents","daily",2017-12-12,1076,1126
"wikipedia","Joko_Widodo","all-access","all-agents","daily",2017-12-13,894,943
"wikipedia","Joko_Widodo","all-access","all-agents","daily",2017-12-14,1588,922
"wikipedia","Joko_Widodo","all-access","all-agents","daily",2017-12-15,914,855
"wikipedia","Joko_Widodo","all-access","all-agents","daily",2017-12-16,795,997
"wikipedia","Joko_Widodo","all-access","all-agents","daily",2017-12-17,790,863
"wikipedia","Joko_Widodo","all-access","all-agents","daily",2017-12-18,867,984
"wikipedia","Joko_Widodo","all-access","all-agents","daily",2017-12-19,1045,1651
"wikipedia","Joko_Widodo","all-access","all-agents","daily",2017-12-20,1019,1611
"wikipedia","Joko_Widodo","all-access","all-agents","daily",2017-12-21,832,1140
"wikipedia","Joko_Widodo","all-access","all-agents","daily",2017-12-22,741,976
"wikipedia","Joko_Widodo","all-access","all-agents","daily",2017-12-23,779,923
"wikipedia","Joko_Widodo","all-access","all-agents","daily",2017-12-24,707,879
"wikipedia","Joko_Widodo","all-access","all-agents","daily",2017-12-25,720,874
"wikipedia","Joko_Widodo","all-access","all-agents","daily",2017-12-26,771,827
"wikipedia","Joko_Widodo","all-access","all-agents","daily",2017-12-27,828,847
"wikipedia","Joko_Widodo","all-access","all-agents","daily",2017-12-28,785,899
"wikipedia","Joko_Widodo","all-access","all-agents","daily",2017-12-29,808,1212
"wikipedia","Joko_Widodo","all-access","all-agents","daily",2017-12-30,797,1058
"wikipedia","Joko_Widodo","all-access","all-agents","daily",2017-12-31,892,840
"wikipedia","Joko_Widodo","all-access","all-agents","daily",2018-01-01,739,914
"wikipedia","Joko_Widodo","all-access","all-agents","daily",2018-01-02,960,1063
"wikipedia","Joko_Widodo","all-access","all-agents","daily",2018-01-03,902,1060
"wikipedia","Joko_Widodo","all-access","all-agents","daily",2018-01-04,1017,1155
"wikipedia","Joko_Widodo","all-access","all-agents","daily",2018-01-05,807,1038
"wikipedia","Joko_Widodo","all-access","all-agents","daily",2018-01-06,1169,3394
"wikipedia","Joko_Widodo","all-access","all-agents","daily",2018-01-07,1037,1661
"wikipedia","Joko_Widodo","all-access","all-agents","daily",2018-01-08,1002,1216
"wikipedia","Joko_Widodo","all-access","all-agents","daily",2018-01-09,980,1485
"wikipedia","Joko_Widodo","all-access","all-agents","daily",2018-01-10,976,1402
"wikipedia","Joko_Widodo","all-access","all-agents","daily",2018-01-11,989,1315
"wikipedia","Joko_Widodo","all-access","all-agents","daily",2018-01-12,832,1159
"wikipedia","Joko_Widodo","all-access","all-agents","daily",2018-01-13,826,928
"wikipedia","Joko_Widodo","all-access","all-agents","daily",2018-01-14,918,1140
"wikipedia","Joko_Widodo","all-access","all-agents","daily",2018-01-15,1001,1336
"wikipedia","Joko_Widodo","all-access","all-agents","daily",2018-01-16,1130,1316
"wikipedia","Joko_Widodo","all-access","all-agents","daily",2018-01-17,1157,1617
"wikipedia","Joko_Widodo","all-access","all-agents","daily",2018-01-18,977,1440
"wikipedia","Joko_Widodo","all-access","all-agents","daily",2018-01-19,839,1169
"wikipedia","Joko_Widodo","all-access","all-agents","daily",2018-01-20,885,1128
"wikipedia","Joko_Widodo","all-access","all-agents","daily",2018-01-21,995,1287
"wikipedia","Joko_Widodo","all-access","all-agents","daily",2018-01-22,1064,1448
"wikipedia","Joko_Widodo","all-access","all-agents","daily",2018-01-23,1126,1325
"wikipedia","Joko_Widodo","all-access","all-agents","daily",2018-01-24,1556,1380
"wikipedia","Joko_Widodo","all-access","all-agents","daily",2018-01-25,1580,1148
"wikipedia","Joko_Widodo","all-access","all-agents","daily",2018-01-26,2864,993
"wikipedia","Joko_Widodo","all-access","all-agents","daily",2018-01-27,1567,962
"wikipedia","Joko_Widodo","all-access","all-agents","daily",2018-01-28,1597,1073
"wikipedia","Joko_Widodo","all-access","all-agents","daily",2018-01-29,1504,1127
"wikipedia","Joko_Widodo","all-access","all-agents","daily",2018-01-30,1367,1336
"wikipedia","Joko_Widodo","all-access","all-agents","daily",2018-01-31,1084,1236
"wikipedia","Joko_Widodo","all-access","all-agents","daily",2018-02-01,1018,1189
"wikipedia","Joko_Widodo","all-access","all-agents","daily",2018-02-02,1107,1159
"wikipedia","Joko_Widodo","all-access","all-agents","daily",2018-02-03,826,1008
"wikipedia","Joko_Widodo","all-access","all-agents","daily",2018-02-04,967,1103
"wikipedia","Joko_Widodo","all-access","all-agents","daily",2018-02-05,990,1223
"wikipedia","Joko_Widodo","all-access","all-agents","daily",2018-02-06,1080,1356
"wikipedia","Joko_Widodo","all-access","all-agents","daily",2018-02-07,1150,1431
"wikipedia","Joko_Widodo","all-access","all-agents","daily",2018-02-08,962,1329
"wikipedia","Joko_Widodo","all-access","all-agents","daily",2018-02-09,965,1256
"wikipedia","Joko_Widodo","all-access","all-agents","daily",2018-02-10,885,1069
"wikipedia","Joko_Widodo","all-access","all-agents","daily",2018-02-11,1041,1154
"wikipedia","Joko_Widodo","all-access","all-agents","daily",2018-02-12,1025,1503
"wikipedia","Joko_Widodo","all-access","all-agents","daily",2018-02-13,1220,1337
"wikipedia","Joko_Widodo","all-access","all-agents","daily",2018-02-14,1019,1394
"wikipedia","Joko_Widodo","all-access","all-agents","daily",2018-02-15,961,1092
"wikipedia","Joko_Widodo","all-access","all-agents","daily",2018-02-16,829,1160
"wikipedia","Joko_Widodo","all-access","all-agents","daily",2018-02-17,877,1226
"wikipedia","Joko_Widodo","all-access","all-agents","daily",2018-02-18,998,1378
"wikipedia","Joko_Widodo","all-access","all-agents","daily",2018-02-19,1096,1512
"wikipedia","Joko_Widodo","all-access","all-agents","daily",2018-02-20,1126,1505
"wikipedia","Joko_Widodo","all-access","all-agents","daily",2018-02-21,1044,1436
"wikipedia","Joko_Widodo","all-access","all-agents","daily",2018-02-22,1217,1505
"wikipedia","Joko_Widodo","all-access","all-agents","daily",2018-02-23,1129,1631
"wikipedia","Joko_Widodo","all-access","all-agents","daily",2018-02-24,1036,1757
"wikipedia","Joko_Widodo","all-access","all-agents","daily",2018-02-25,1187,1495
"wikipedia","Joko_Widodo","all-access","all-agents","daily",2018-02-26,1270,1558
"wikipedia","Joko_Widodo","all-access","all-agents","daily",2018-02-27,1093,1576
"wikipedia","Joko_Widodo","all-access","all-agents","daily",2018-02-28,1077,1601
"wikipedia","Joko_Widodo","all-access","all-agents","daily",2018-03-01,1094,1505
"wikipedia","Joko_Widodo","all-access","all-agents","daily",2018-03-02,949,1426
"wikipedia","Joko_Widodo","all-access","all-agents","daily",2018-03-03,921,1188
"wikipedia","Joko_Widodo","all-access","all-agents","daily",2018-03-04,986,1472
"wikipedia","Joko_Widodo","all-access","all-agents","daily",2018-03-05,1207,1392
"wikipedia","Joko_Widodo","all-access","all-agents","daily",2018-03-06,1100,1560
"wikipedia","Joko_Widodo","all-access","all-agents","daily",2018-03-07,1202,1770
"wikipedia","Joko_Widodo","all-access","all-agents","daily",2018-03-08,1433,1646
"wikipedia","Joko_Widodo","all-access","all-agents","daily",2018-03-09,1168,1330
"wikipedia","Joko_Widodo","all-access","all-agents","daily",2018-03-10,886,1151
"wikipedia","Joko_Widodo","all-access","all-agents","daily",2018-03-11,1463,1317
"wikipedia","Joko_Widodo","all-access","all-agents","daily",2018-03-12,1139,1527
"wikipedia","Joko_Widodo","all-access","all-agents","daily",2018-03-13,1169,1410
"wikipedia","Joko_Widodo","all-access","all-agents","daily",2018-03-14,1017,1523
"wikipedia","Joko_Widodo","all-access","all-agents","daily",2018-03-15,1037,1407
"wikipedia","Joko_Widodo","all-access","all-agents","daily",2018-03-16,997,1076
"wikipedia","Joko_Widodo","all-access","all-agents","daily",2018-03-17,1088,921
"wikipedia","Joko_Widodo","all-access","all-agents","daily",2018-03-18,1099,1066
"wikipedia","Joko_Widodo","all-access","all-agents","daily",2018-03-19,1185,1117
"wikipedia","Joko_Widodo","all-access","all-agents","daily",2018-03-20,1130,1317
"wikipedia","Joko_Widodo","all-access","all-agents","daily",2018-03-21,1148,1435
"wikipedia","Joko_Widodo","all-access","all-agents","daily",2018-03-22,978,1238
"wikipedia","Joko_Widodo","all-access","all-agents","daily",2018-03-23,966,1211
"wikipedia","Joko_Widodo","all-access","all-agents","daily",2018-03-24,896,1123
"wikipedia","Joko_Widodo","all-access","all-agents","daily",2018-03-25,989,1400
"wikipedia","Joko_Widodo","all-access","all-agents","daily",2018-03-26,986,1512
"wikipedia","Joko_Widodo","all-access","all-agents","daily",2018-03-27,1140,1645
"wikipedia","Joko_Widodo","all-access","all-agents","daily",2018-03-28,1007,1580
"wikipedia","Joko_Widodo","all-access","all-agents","daily",2018-03-29,969,1206
"wikipedia","Joko_Widodo","all-access","all-agents","daily",2018-03-30,1023,1219
"wikipedia","Joko_Widodo","all-access","all-agents","daily",2018-03-31,831,1094
"wikipedia","Joko_Widodo","all-access","all-agents","daily",2018-04-01,923,1298
"wikipedia","Joko_Widodo","all-access","all-agents","daily",2018-04-02,1080,1403
"wikipedia","Joko_Widodo","all-access","all-agents","daily",2018-04-03,1127,1930
"wikipedia","Joko_Widodo","all-access","all-agents","daily",2018-04-04,1124,2107
"wikipedia","Joko_Widodo","all-access","all-agents","daily",2018-04-05,1022,1576
"wikipedia","Joko_Widodo","all-access","all-agents","daily",2018-04-06,897,1308
"wikipedia","Joko_Widodo","all-access","all-agents","daily",2018-04-07,931,1331
"wikipedia","Joko_Widodo","all-access","all-agents","daily",2018-04-08,1069,1524
"wikipedia","Joko_Widodo","all-access","all-agents","daily",2018-04-09,1142,1654
"wikipedia","Joko_Widodo","all-access","all-agents","daily",2018-04-10,1261,1496
"wikipedia","Joko_Widodo","all-access","all-agents","daily",2018-04-11,1347,1635
"wikipedia","Joko_Widodo","all-access","all-agents","daily",2018-04-12,1340,1820
"wikipedia","Joko_Widodo","all-access","all-agents","daily",2018-04-13,1138,1596
"wikipedia","Joko_Widodo","all-access","all-agents","daily",2018-04-14,939,1375
"wikipedia","Joko_Widodo","all-access","all-agents","daily",2018-04-15,1101,1576
"wikipedia","Joko_Widodo","all-access","all-agents","daily",2018-04-16,1183,1917
"wikipedia","Joko_Widodo","all-access","all-agents","daily",2018-04-17,1142,1938
"wikipedia","Joko_Widodo","all-access","all-agents","daily",2018-04-18,1162,2037
"wikipedia","Joko_Widodo","all-access","all-agents","daily",2018-04-19,1157,1968
"wikipedia","Joko_Widodo","all-access","all-agents","daily",2018-04-20,1034,1560
"wikipedia","Joko_Widodo","all-access","all-agents","daily",2018-04-21,987,1496
"wikipedia","Joko_Widodo","all-access","all-agents","daily",2018-04-22,972,1434
"wikipedia","Joko_Widodo","all-access","all-agents","daily",2018-04-23,1092,1728
"wikipedia","Joko_Widodo","all-access","all-agents","daily",2018-04-24,1144,1850
"wikipedia","Joko_Widodo","all-access","all-agents","daily",2018-04-25,1129,1890
"wikipedia","Joko_Widodo","all-access","all-agents","daily",2018-04-26,1077,1605
"wikipedia","Joko_Widodo","all-access","all-agents","daily",2018-04-27,957,1352
"wikipedia","Joko_Widodo","all-access","all-agents","daily",2018-04-28,907,1199
"wikipedia","Joko_Widodo","all-access","all-agents","daily",2018-04-29,1174,1288
"wikipedia","Joko_Widodo","all-access","all-agents","daily",2018-04-30,1112,1206
"wikipedia","Joko_Widodo","all-access","all-agents","daily",2018-05-01,1002,1521
"wikipedia","Joko_Widodo","all-access","all-agents","daily",2018-05-02,989,1405
"wikipedia","Joko_Widodo","all-access","all-agents","daily",2018-05-03,1049,1287
"wikipedia","Joko_Widodo","all-access","all-agents","daily",2018-05-04,924,1256
"wikipedia","Joko_Widodo","all-access","all-agents","daily",2018-05-05,932,1045
"wikipedia","Joko_Widodo","all-access","all-agents","daily",2018-05-06,895,1228
"wikipedia","Joko_Widodo","all-access","all-agents","daily",2018-05-07,1038,1405
"wikipedia","Joko_Widodo","all-access","all-agents","daily",2018-05-08,1078,1427
"wikipedia","Joko_Widodo","all-access","all-agents","daily",2018-05-09,1167,1229
"wikipedia","Joko_Widodo","all-access","all-agents","daily",2018-05-10,1645,1400
"wikipedia","Joko_Widodo","all-access","all-agents","daily",2018-05-11,1579,1202
"wikipedia","Joko_Widodo","all-access","all-agents","daily",2018-05-12,1503,1267
"wikipedia","Joko_Widodo","all-access","all-agents","daily",2018-05-13,2296,1361
"wikipedia","Joko_Widodo","all-access","all-agents","daily",2018-05-14,2581,1434
"wikipedia","Joko_Widodo","all-access","all-agents","daily",2018-05-15,3863,1342
"wikipedia","Joko_Widodo","all-access","all-agents","daily",2018-05-16,4551,1243
"wikipedia","Joko_Widodo","all-access","all-agents","daily",2018-05-17,3466,1147
"wikipedia","Joko_Widodo","all-access","all-agents","daily",2018-05-18,3216,1138
"wikipedia","Joko_Widodo","all-access","all-agents","daily",2018-05-19,1544,1015
"wikipedia","Joko_Widodo","all-access","all-agents","daily",2018-05-20,1313,1139
"wikipedia","Joko_Widodo","all-access","all-agents","daily",2018-05-21,2056,1308
"wikipedia","Joko_Widodo","all-access","all-agents","daily",2018-05-22,1175,1328
"wikipedia","Joko_Widodo","all-access","all-agents","daily",2018-05-23,1175,1211
"wikipedia","Joko_Widodo","all-access","all-agents","daily",2018-05-24,1220,1425
"wikipedia","Joko_Widodo","all-access","all-agents","daily",2018-05-25,995,1420
"wikipedia","Joko_Widodo","all-access","all-agents","daily",2018-05-26,886,1122
"wikipedia","Joko_Widodo","all-access","all-agents","daily",2018-05-27,902,1077
"wikipedia","Joko_Widodo","all-access","all-agents","daily",2018-05-28,1077,1299
"wikipedia","Joko_Widodo","all-access","all-agents","daily",2018-05-29,1243,1358
"wikipedia","Joko_Widodo","all-access","all-agents","daily",2018-05-30,4466,1282
"wikipedia","Joko_Widodo","all-access","all-agents","daily",2018-05-31,2564,1272
"wikipedia","Joko_Widodo","all-access","all-agents","daily",2018-06-01,1460,1200
"wikipedia","Joko_Widodo","all-access","all-agents","daily",2018-06-02,1202,1190
"wikipedia","Joko_Widodo","all-access","all-agents","daily",2018-06-03,1761,1143
"wikipedia","Joko_Widodo","all-access","all-agents","daily",2018-06-04,1367,1124
"wikipedia","Joko_Widodo","all-access","all-agents","daily",2018-06-05,1155,1077
"wikipedia","Joko_Widodo","all-access","all-agents","daily",2018-06-06,1057,1241
"wikipedia","Joko_Widodo","all-access","all-agents","daily",2018-06-07,926,1078
"wikipedia","Joko_Widodo","all-access","all-agents","daily",2018-06-08,907,1075
"wikipedia","Joko_Widodo","all-access","all-agents","daily",2018-06-09,879,1006
"wikipedia","Joko_Widodo","all-access","all-agents","daily",2018-06-10,997,1006
"wikipedia","Joko_Widodo","all-access","all-agents","daily",2018-06-11,1076,1184
"wikipedia","Joko_Widodo","all-access","all-agents","daily",2018-06-12,994,1238
"wikipedia","Joko_Widodo","all-access","all-agents","daily",2018-06-13,885,1163
"wikipedia","Joko_Widodo","all-access","all-agents","daily",2018-06-14,813,891
"wikipedia","Joko_Widodo","all-access","all-agents","daily",2018-06-15,772,830
"wikipedia","Joko_Widodo","all-access","all-agents","daily",2018-06-16,756,919
"wikipedia","Joko_Widodo","all-access","all-agents","daily",2018-06-17,793,888
"wikipedia","Joko_Widodo","all-access","all-agents","daily",2018-06-18,892,981
"wikipedia","Joko_Widodo","all-access","all-agents","daily",2018-06-19,862,1007
"wikipedia","Joko_Widodo","all-access","all-agents","daily",2018-06-20,1408,2514
"wikipedia","Joko_Widodo","all-access","all-agents","daily",2018-06-21,2603,8670
"wikipedia","Joko_Widodo","all-access","all-agents","daily",2018-06-22,1175,1834
"wikipedia","Joko_Widodo","all-access","all-agents","daily",2018-06-23,938,1260
"wikipedia","Joko_Widodo","all-access","all-agents","daily",2018-06-24,900,1216
"wikipedia","Joko_Widodo","all-access","all-agents","daily",2018-06-25,1082,1505
"wikipedia","Joko_Widodo","all-access","all-agents","daily",2018-06-26,1333,1595
"wikipedia","Joko_Widodo","all-access","all-agents","daily",2018-06-27,1140,2078
"wikipedia","Joko_Widodo","all-access","all-agents","daily",2018-06-28,1106,1448
"wikipedia","Joko_Widodo","all-access","all-agents","daily",2018-06-29,1381,1406
"wikipedia","Joko_Widodo","all-access","all-agents","daily",2018-06-30,1029,1016
"wikipedia","Joko_Widodo","all-access","all-agents","daily",2018-07-01,1024,2549
"wikipedia","Joko_Widodo","all-access","all-agents","daily",2018-07-02,1022,1439
"wikipedia","Joko_Widodo","all-access","all-agents","daily",2018-07-03,915,1156
"wikipedia","Joko_Widodo","all-access","all-agents","daily",2018-07-04,997,1291
"wikipedia","Joko_Widodo","all-access","all-agents","daily",2018-07-05,1027,1349
"wikipedia","Joko_Widodo","all-access","all-agents","daily",2018-07-06,896,1216
"wikipedia","Joko_Widodo","all-access","all-agents","daily",2018-07-07,834,1045
"wikipedia","Joko_Widodo","all-access","all-agents","daily",2018-07-08,945,1308
"wikipedia","Joko_Widodo","all-access","all-agents","daily",2018-07-09,1012,1611
"wikipedia","Joko_Widodo","all-access","all-agents","daily",2018-07-10,970,1578
"wikipedia","Joko_Widodo","all-access","all-agents","daily",2018-07-11,932,1547
"wikipedia","Joko_Widodo","all-access","all-agents","daily",2018-07-12,971,1624
"wikipedia","Joko_Widodo","all-access","all-agents","daily",2018-07-13,957,1577
"wikipedia","Joko_Widodo","all-access","all-agents","daily",2018-07-14,1078,1358
"wikipedia","Joko_Widodo","all-access","all-agents","daily",2018-07-15,984,1358
"wikipedia","Joko_Widodo","all-access","all-agents","daily",2018-07-16,1136,1361
"wikipedia","Joko_Widodo","all-access","all-agents","daily",2018-07-17,1241,1581
"wikipedia","Joko_Widodo","all-access","all-agents","daily",2018-07-18,1128,1776
"wikipedia","Joko_Widodo","all-access","all-agents","daily",2018-07-19,1060,1783
"wikipedia","Joko_Widodo","all-access","all-agents","daily",2018-07-20,1000,1643
"wikipedia","Joko_Widodo","all-access","all-agents","daily",2018-07-21,969,1485
"wikipedia","Joko_Widodo","all-access","all-agents","daily",2018-07-22,933,1495
"wikipedia","Joko_Widodo","all-access","all-agents","daily",2018-07-23,2217,1699
"wikipedia","Joko_Widodo","all-access","all-agents","daily",2018-07-24,1306,2099
"wikipedia","Joko_Widodo","all-access","all-agents","daily",2018-07-25,1174,2234
"wikipedia","Joko_Widodo","all-access","all-agents","daily",2018-07-26,1127,2015
"wikipedia","Joko_Widodo","all-access","all-agents","daily",2018-07-27,1089,1952
"wikipedia","Joko_Widodo","all-access","all-agents","daily",2018-07-28,978,1748
"wikipedia","Joko_Widodo","all-access","all-agents","daily",2018-07-29,1089,1965
"wikipedia","Joko_Widodo","all-access","all-agents","daily",2018-07-30,1288,2256
"wikipedia","Joko_Widodo","all-access","all-agents","daily",2018-07-31,1450,2493
"wikipedia","Joko_Widodo","all-access","all-agents","daily",2018-08-01,4657,2883
"wikipedia","Joko_Widodo","all-access","all-agents","daily",2018-08-02,2282,14214
"wikipedia","Joko_Widodo","all-access","all-agents","daily",2018-08-03,1770,9872
"wikipedia","Joko_Widodo","all-access","all-agents","daily",2018-08-04,1376,5536
"wikipedia","Joko_Widodo","all-access","all-agents","daily",2018-08-05,1429,4535
"wikipedia","Joko_Widodo","all-access","all-agents","daily",2018-08-06,1891,3448
"wikipedia","Joko_Widodo","all-access","all-agents","daily",2018-08-07,1563,3162
"wikipedia","Joko_Widodo","all-access","all-agents","daily",2018-08-08,1345,3503
"wikipedia","Joko_Widodo","all-access","all-agents","daily",2018-08-09,2532,7657
"wikipedia","Joko_Widodo","all-access","all-agents","daily",2018-08-10,2731,10986
"wikipedia","Joko_Widodo","all-access","all-agents","daily",2018-08-11,1476,6073
"wikipedia","Joko_Widodo","all-access","all-agents","daily",2018-08-12,1446,5760
"wikipedia","Joko_Widodo","all-access","all-agents","daily",2018-08-13,1675,6505
"wikipedia","Joko_Widodo","all-access","all-agents","daily",2018-08-14,1414,6132
"wikipedia","Joko_Widodo","all-access","all-agents","daily",2018-08-15,1320,4426
"wikipedia","Joko_Widodo","all-access","all-agents","daily",2018-08-16,1236,3887
"wikipedia","Joko_Widodo","all-access","all-agents","daily",2018-08-17,1355,5200
"wikipedia","Joko_Widodo","all-access","all-agents","daily",2018-08-18,4909,4572
"wikipedia","Joko_Widodo","all-access","all-agents","daily",2018-08-19,4361,4563
"wikipedia","Joko_Widodo","all-access","all-agents","daily",2018-08-20,3626,3820
"wikipedia","Joko_Widodo","all-access","all-agents","daily",2018-08-21,3064,3595
"wikipedia","Joko_Widodo","all-access","all-agents","daily",2018-08-22,2987,3358
"wikipedia","Joko_Widodo","all-access","all-agents","daily",2018-08-23,2652,4214
"wikipedia","Joko_Widodo","all-access","all-agents","daily",2018-08-24,2653,3251
"wikipedia","Joko_Widodo","all-access","all-agents","daily",2018-08-25,2536,3050
"wikipedia","Joko_Widodo","all-access","all-agents","daily",2018-08-26,2356,2863
"wikipedia","Joko_Widodo","all-access","all-agents","daily",2018-08-27,4036,4418
"wikipedia","Joko_Widodo","all-access","all-agents","daily",2018-08-28,3800,4141
"wikipedia","Joko_Widodo","all-access","all-agents","daily",2018-08-29,3113,3837
"wikipedia","Joko_Widodo","all-access","all-agents","daily",2018-08-30,2183,2803
"wikipedia","Joko_Widodo","all-access","all-agents","daily",2018-08-31,1989,2593
